Column1;hour;light;temperature;soil_capacitance;delta_soil;was_watered;hours_since_last_watering;drying_too_fast;forgot_to_water;insufficient_watering;hour_of_day;is_day;rolling_avg_light_6h;rolling_avg_temp_6h;is_light_ok;light_hours_today;timestamp;date;soil_capacitance_in_6h;soil_capacitance_in_12h;needs_watering_now;needs_watering_in_6h;needs_watering_in_12h;too_dark_today;too_bright_now;dark_trend;worth_relocating;ok
0;4/23/2025 20:00;76.03;23.25;51.04;0.0;0;2;0;0;0;20;0;76.03;23.25;0;0;2025-04-23 20:00:00;23.04.2025;50.45;50.07;0;0;0;1;0;0.0;0;0
1;4/23/2025 21:00;72.31;23.41;50.75;-0.28999999999999915;0;3;0;0;0;21;0;74.17;23.33;0;0;2025-04-23 21:00:00;23.04.2025;50.42;50.15;0;0;0;1;0;0.0;0;0
2;4/23/2025 22:00;72.39;23.47;50.19;-0.5600000000000023;0;4;0;0;0;22;0;73.58;23.38;0;0;2025-04-23 22:00:00;23.04.2025;50.14;49.99;0;0;0;1;0;0.0;0;0
3;4/23/2025 23:00;48.43;23.49;51.25;1.0600000000000023;0;5;0;0;0;23;0;67.29;23.4;0;0;2025-04-23 23:00:00;23.04.2025;50.26;50.44;0;0;0;1;0;0.0;0;0
4;4/24/2025 0:00;0.0;23.47;51.0;-0.25;0;6;0;0;0;0;0;53.83;23.42;0;4;2025-04-24 00:00:00;24.04.2025;50.1;50.86;0;0;0;1;0;0.0;0;0
5;4/24/2025 1:00;0.0;23.39;50.43;-0.5700000000000003;0;7;0;0;0;1;0;44.86;23.41;0;4;2025-04-24 01:00:00;24.04.2025;50.53;51.08;0;0;0;1;0;0.0;0;0
6;4/24/2025 2:00;0.0;23.32;50.45;0.020000000000003126;0;8;0;0;0;2;0;32.19;23.42;0;4;2025-04-24 02:00:00;24.04.2025;50.07;52.28;0;0;0;1;0;0.0;0;0
7;4/24/2025 3:00;0.58;23.25;50.42;-0.030000000000001137;0;9;0;0;0;3;0;20.23;23.4;0;4;2025-04-24 03:00:00;24.04.2025;50.15;49.7;0;0;0;1;0;0.0;0;0
8;4/24/2025 4:00;4.49;23.2;50.14;-0.28000000000000114;0;10;0;0;0;4;0;8.92;23.35;0;4;2025-04-24 04:00:00;24.04.2025;49.99;51.85;0;0;0;1;0;0.0;0;0
9;4/24/2025 5:00;10.87;23.21;50.26;0.11999999999999744;0;11;0;0;0;5;0;2.66;23.31;0;4;2025-04-24 05:00:00;24.04.2025;50.44;52.38;0;0;0;1;0;0.0;0;0
10;4/24/2025 6:00;17.82;23.34;50.1;-0.1599999999999966;0;12;0;0;0;6;1;5.63;23.29;0;4;2025-04-24 06:00:00;24.04.2025;50.86;52.21;0;0;0;1;0;0.0;0;0
11;4/24/2025 7:00;26.92;23.42;50.53;0.4299999999999997;0;13;0;0;0;7;1;10.11;23.29;0;4;2025-04-24 07:00:00;24.04.2025;51.08;53.31;0;0;0;1;0;0.0;0;0
12;4/24/2025 8:00;78.26;23.4;50.07;-0.46000000000000085;0;14;0;0;0;8;1;23.16;23.3;0;4;2025-04-24 08:00:00;24.04.2025;52.28;54.22;0;0;0;1;0;0.0;0;0
13;4/24/2025 9:00;131.56;23.61;50.15;0.0799999999999983;0;15;0;0;0;9;1;44.99;23.36;1;4;2025-04-24 09:00:00;24.04.2025;49.7;53.46;0;0;0;1;0;0.0;0;0
14;4/24/2025 10:00;175.6;23.92;49.99;-0.1599999999999966;0;16;0;0;0;10;1;73.5;23.48;1;4;2025-04-24 10:00:00;24.04.2025;51.85;50.7;0;0;0;1;0;0.0;0;0
15;4/24/2025 11:00;123.11;24.14;50.44;0.44999999999999574;0;17;0;0;0;11;1;92.21;23.64;1;4;2025-04-24 11:00:00;24.04.2025;52.38;51.1;0;0;0;1;0;0.0;0;0
16;4/24/2025 12:00;61.56;24.19;50.86;0.4200000000000017;0;18;0;0;0;12;1;99.5;23.78;0;4;2025-04-24 12:00:00;24.04.2025;52.21;51.32;0;0;0;1;0;0.0;0;0
17;4/24/2025 13:00;116.2;24.15;51.08;0.21999999999999886;0;19;0;0;0;13;1;114.38;23.9;1;4;2025-04-24 13:00:00;24.04.2025;53.31;51.25;0;0;0;1;0;0.0;0;0
18;4/24/2025 14:00;95.16;24.11;52.28;1.2000000000000028;0;20;0;0;0;14;1;117.2;24.02;0;4;2025-04-24 14:00:00;24.04.2025;54.22;51.42;0;0;0;1;0;0.0;0;0
19;4/24/2025 15:00;87.82;24.01;49.7;-2.5799999999999983;0;21;0;0;0;15;1;109.91;24.09;0;4;2025-04-24 15:00:00;24.04.2025;53.46;55.26;0;0;0;1;0;0.0;0;0
20;4/24/2025 16:00;82.06;23.94;51.85;2.1499999999999986;0;22;0;0;0;16;1;94.32;24.09;0;4;2025-04-24 16:00:00;24.04.2025;50.7;56.05;0;0;0;1;0;0.0;0;0
21;4/24/2025 17:00;75.99;23.84;52.38;0.5300000000000011;0;23;0;0;0;17;1;86.46;24.04;0;4;2025-04-24 17:00:00;24.04.2025;51.1;55.61;0;0;0;1;0;0.0;0;0
22;4/24/2025 18:00;73.54;23.83;52.21;-0.1700000000000017;0;24;0;0;0;18;1;88.46;23.98;0;4;2025-04-24 18:00:00;24.04.2025;51.32;53.94;0;0;0;1;0;0.0;0;0
23;4/24/2025 19:00;73.46;23.87;53.31;1.1000000000000014;0;25;0;0;0;19;0;81.34;23.93;0;4;2025-04-24 19:00:00;24.04.2025;51.25;53.69;0;0;0;1;0;0.0;0;0
24;4/24/2025 20:00;73.35;23.84;54.22;0.9099999999999966;0;26;0;0;0;20;0;77.7;23.89;0;4;2025-04-24 20:00:00;24.04.2025;51.42;53.3;0;0;0;1;0;0.0;0;0
25;4/24/2025 21:00;73.27;23.81;53.46;-0.759999999999998;0;27;0;0;0;21;0;75.28;23.85;0;4;2025-04-24 21:00:00;24.04.2025;55.26;53.59;0;0;0;1;0;0.0;0;0
26;4/25/2025 11:00;230.71;24.92;50.7;-2.759999999999998;0;28;1;0;0;11;1;100.05;24.02;1;3;2025-04-25 11:00:00;25.04.2025;56.05;53.31;0;0;0;1;0;0.0;0;0
27;4/25/2025 12:00;146.34;24.98;51.1;0.3999999999999986;0;29;0;0;0;12;1;111.78;24.21;1;3;2025-04-25 12:00:00;25.04.2025;55.61;52.8;0;0;0;1;0;0.0;0;0
28;4/25/2025 13:00;100.42;24.95;51.32;0.21999999999999886;0;30;0;0;0;13;1;116.26;24.4;1;3;2025-04-25 13:00:00;25.04.2025;53.94;52.33;0;0;0;1;0;0.0;0;0
29;4/25/2025 14:00;85.63;24.82;51.25;-0.07000000000000028;0;31;0;0;0;14;1;118.29;24.55;0;3;2025-04-25 14:00:00;25.04.2025;53.69;52.7;0;0;0;1;0;0.0;0;0
30;4/25/2025 15:00;72.08;24.55;51.42;0.1700000000000017;0;32;0;0;0;15;1;118.07;24.67;0;3;2025-04-25 15:00:00;25.04.2025;53.3;52.7;0;0;0;1;0;0.0;0;0
31;4/25/2025 16:00;53.15;24.32;55.26;3.8399999999999963;0;33;0;0;0;16;1;114.72;24.76;0;3;2025-04-25 16:00:00;25.04.2025;53.59;52.82;0;0;0;1;0;0.0;0;0
32;4/25/2025 17:00;22.92;24.35;56.05;0.7899999999999991;0;34;0;0;0;17;1;80.09;24.66;0;3;2025-04-25 17:00:00;25.04.2025;53.31;52.85;0;0;0;1;0;0.0;0;0
33;4/25/2025 18:00;90.21;24.51;55.61;-0.4399999999999977;0;35;0;0;0;18;1;70.73;24.58;0;3;2025-04-25 18:00:00;25.04.2025;52.8;53.21;0;0;0;1;0;0.0;0;0
34;4/25/2025 19:00;99.49;24.51;53.94;-1.6700000000000017;0;36;0;0;0;19;0;70.58;24.51;0;3;2025-04-25 19:00:00;25.04.2025;52.33;52.48;0;0;0;1;0;0.0;0;0
35;4/25/2025 20:00;57.52;24.39;53.69;-0.25;0;37;0;0;0;20;0;65.89;24.44;0;3;2025-04-25 20:00:00;25.04.2025;52.7;52.49;0;0;0;1;0;0.0;0;0
36;4/25/2025 21:00;0.0;24.27;53.3;-0.39000000000000057;0;38;0;0;0;21;0;53.88;24.39;0;3;2025-04-25 21:00:00;25.04.2025;52.7;52.38;0;0;0;1;0;0.0;0;0
37;4/25/2025 22:00;0.0;24.16;53.59;0.29000000000000625;0;39;0;0;0;22;0;45.02;24.36;0;3;2025-04-25 22:00:00;25.04.2025;52.82;52.35;0;0;0;1;0;0.0;0;0
38;4/25/2025 23:00;0.0;24.04;53.31;-0.28000000000000114;0;40;0;0;0;23;0;41.2;24.31;0;3;2025-04-25 23:00:00;25.04.2025;52.85;52.6;0;0;0;1;0;0.0;0;0
39;4/26/2025 0:00;0.0;23.87;52.8;-0.5100000000000051;0;41;0;0;0;0;0;26.17;24.21;0;10;2025-04-26 00:00:00;26.04.2025;53.21;52.48;0;0;0;1;0;4.0;1;0
40;4/26/2025 1:00;0.0;23.7;52.33;-0.46999999999999886;0;42;0;0;0;1;0;9.59;24.07;0;10;2025-04-26 01:00:00;26.04.2025;52.48;52.29;0;0;0;1;0;4.0;1;0
41;4/26/2025 2:00;0.0;23.52;52.7;0.37000000000000455;0;43;0;0;0;2;0;0.0;23.93;0;10;2025-04-26 02:00:00;26.04.2025;52.49;51.43;0;0;0;1;0;4.0;1;0
42;4/26/2025 3:00;10.98;23.34;52.7;0.0;0;44;0;0;0;3;0;1.83;23.77;0;10;2025-04-26 03:00:00;26.04.2025;52.38;50.6;0;0;0;1;0;4.0;1;0
43;4/26/2025 4:00;53.18;23.22;52.82;0.11999999999999744;0;45;0;0;0;4;0;10.69;23.62;0;10;2025-04-26 04:00:00;26.04.2025;52.35;50.27;0;0;0;1;0;4.0;1;0
44;4/26/2025 5:00;98.0;23.16;52.85;0.030000000000001137;0;46;0;0;0;5;0;27.03;23.47;0;10;2025-04-26 05:00:00;26.04.2025;52.6;49.97;0;0;0;1;0;4.0;1;0
45;4/26/2025 6:00;175.91;23.22;53.21;0.35999999999999943;0;47;0;0;0;6;1;56.35;23.36;1;10;2025-04-26 06:00:00;26.04.2025;52.48;49.86;0;0;0;1;0;4.0;1;0
46;4/26/2025 7:00;207.47;23.33;52.48;-0.730000000000004;0;48;0;0;0;7;1;90.92;23.3;1;10;2025-04-26 07:00:00;26.04.2025;52.29;49.46;0;0;0;1;0;4.0;1;0
47;4/26/2025 8:00;289.69;23.59;52.49;0.010000000000005116;0;49;0;0;0;8;1;139.21;23.31;1;10;2025-04-26 08:00:00;26.04.2025;51.43;49.49;0;0;0;0;0;4.0;1;0
48;4/26/2025 9:00;312.31;24.02;52.38;-0.10999999999999943;0;50;0;0;0;9;1;189.43;23.42;1;10;2025-04-26 09:00:00;26.04.2025;50.6;49.31;0;0;0;0;0;4.0;1;0
49;4/26/2025 10:00;303.21;24.22;52.35;-0.030000000000001137;0;51;0;0;0;10;1;231.1;23.59;1;10;2025-04-26 10:00:00;26.04.2025;50.27;49.3;0;0;0;0;0;4.0;1;0
50;4/26/2025 11:00;303.36;24.3;52.6;0.25;0;52;0;0;0;11;1;265.32;23.78;1;10;2025-04-26 11:00:00;26.04.2025;49.97;48.99;0;0;0;0;0;4.0;1;0
51;4/26/2025 12:00;200.49;24.33;52.48;-0.12000000000000455;0;53;0;0;0;12;1;269.42;23.96;1;10;2025-04-26 12:00:00;26.04.2025;49.86;49.18;0;0;0;0;0;4.0;1;0
52;4/26/2025 13:00;143.23;24.24;52.29;-0.18999999999999773;0;54;0;0;0;13;1;258.71;24.12;1;10;2025-04-26 13:00:00;26.04.2025;49.46;48.73;0;0;0;0;0;4.0;1;0
53;4/26/2025 14:00;121.23;24.07;51.43;-0.8599999999999994;0;55;0;0;0;14;1;230.64;24.2;1;10;2025-04-26 14:00:00;26.04.2025;49.49;49.07;0;0;0;0;0;4.0;1;0
54;4/26/2025 15:00;101.14;23.9;50.6;-0.8299999999999983;0;56;0;0;0;15;1;195.44;24.18;1;10;2025-04-26 15:00:00;26.04.2025;49.31;48.69;0;0;0;0;0;4.0;1;0
55;4/26/2025 16:00;43.85;23.75;50.27;-0.3299999999999983;0;57;0;0;0;16;1;152.22;24.1;0;10;2025-04-26 16:00:00;26.04.2025;49.3;48.63;0;0;0;0;0;4.0;1;0
56;4/26/2025 17:00;11.44;23.76;49.97;-0.30000000000000426;0;58;0;0;0;17;1;103.56;24.01;0;10;2025-04-26 17:00:00;26.04.2025;48.99;48.16;0;0;0;1;0;4.0;1;0
57;4/26/2025 18:00;52.88;23.81;49.86;-0.10999999999999943;0;59;0;0;0;18;1;78.96;23.92;0;10;2025-04-26 18:00:00;26.04.2025;49.18;48.53;0;0;0;1;0;4.0;1;0
58;4/26/2025 19:00;99.61;23.85;49.46;-0.3999999999999986;0;60;0;0;0;19;0;71.69;23.86;0;10;2025-04-26 19:00:00;26.04.2025;48.73;48.78;0;0;0;1;0;4.0;1;0
59;4/26/2025 20:00;99.07;23.82;49.49;0.030000000000001137;0;61;0;0;0;20;0;68.0;23.82;0;10;2025-04-26 20:00:00;26.04.2025;49.07;48.22;0;0;0;1;0;4.0;1;0
60;4/26/2025 21:00;99.07;23.74;49.31;-0.17999999999999972;0;62;0;0;0;21;0;67.65;23.79;0;10;2025-04-26 21:00:00;26.04.2025;48.69;48.21;0;0;0;1;0;4.0;1;0
61;4/26/2025 22:00;99.07;23.67;49.3;-0.010000000000005116;0;63;0;0;0;22;0;76.86;23.78;0;10;2025-04-26 22:00:00;26.04.2025;48.63;48.53;0;0;0;1;0;4.0;1;0
62;4/26/2025 23:00;99.07;23.59;48.99;-0.30999999999999517;0;64;0;0;0;23;0;91.46;23.75;0;10;2025-04-26 23:00:00;26.04.2025;48.16;48.05;0;0;0;1;0;4.0;1;0
63;4/27/2025 0:00;16.51;23.54;49.18;0.18999999999999773;0;65;0;0;0;0;0;85.4;23.7;0;8;2025-04-27 00:00:00;27.04.2025;48.53;47.92;0;0;0;1;0;4.0;1;0
64;4/27/2025 1:00;0.0;23.37;48.73;-0.45000000000000284;0;66;0;0;0;1;0;68.8;23.62;0;8;2025-04-27 01:00:00;27.04.2025;48.78;48.06;0;0;0;1;0;4.0;1;0
65;4/27/2025 2:00;0.0;23.21;49.07;0.3400000000000034;0;67;0;0;0;2;0;52.29;23.52;0;8;2025-04-27 02:00:00;27.04.2025;48.22;48.05;0;0;0;1;0;4.0;1;0
66;4/27/2025 3:00;4.76;23.1;48.69;-0.38000000000000256;0;68;0;0;0;3;0;36.57;23.41;0;8;2025-04-27 03:00:00;27.04.2025;48.21;47.96;0;0;0;1;0;4.0;1;0
67;4/27/2025 4:00;34.14;23.02;48.63;-0.05999999999999517;0;69;0;0;0;4;0;25.75;23.3;0;8;2025-04-27 04:00:00;27.04.2025;48.53;48.17;0;0;0;1;0;4.0;1;0
68;4/27/2025 5:00;75.3;23.03;48.16;-0.47000000000000597;0;70;0;0;0;5;0;21.79;23.21;0;8;2025-04-27 05:00:00;27.04.2025;48.05;48.48;0;0;0;1;0;4.0;1;0
69;4/27/2025 6:00;101.99;23.12;48.53;0.37000000000000455;0;71;0;0;0;6;1;36.03;23.14;1;8;2025-04-27 06:00:00;27.04.2025;47.92;47.63;0;0;0;1;0;4.0;1;0
70;4/27/2025 7:00;124.34;23.24;48.78;0.25;0;72;0;0;0;7;1;56.76;23.12;1;8;2025-04-27 07:00:00;27.04.2025;48.06;47.76;0;0;0;1;0;4.0;1;0
71;4/27/2025 8:00;142.5;23.38;48.22;-0.5600000000000023;0;73;0;0;0;8;1;80.51;23.15;1;8;2025-04-27 08:00:00;27.04.2025;48.05;47.58;0;0;0;1;0;4.0;1;0
72;4/27/2025 9:00;178.83;23.52;48.21;-0.00999999999999801;0;74;0;0;0;9;1;109.52;23.22;1;8;2025-04-27 09:00:00;27.04.2025;47.96;47.49;0;0;0;1;0;4.0;1;0
73;4/27/2025 10:00;262.12;23.78;48.53;0.3200000000000003;0;75;0;0;0;10;1;147.51;23.34;1;8;2025-04-27 10:00:00;27.04.2025;48.17;47.74;0;0;0;0;0;4.0;1;0
74;4/27/2025 11:00;251.06;24.19;48.05;-0.480000000000004;0;76;0;0;0;11;1;176.81;23.54;1;8;2025-04-27 11:00:00;27.04.2025;48.48;47.29;0;0;0;0;0;4.0;1;0
75;4/27/2025 12:00;161.78;24.45;47.92;-0.12999999999999545;0;77;0;0;0;12;1;186.77;23.76;1;8;2025-04-27 12:00:00;27.04.2025;47.63;47.43;0;0;0;0;0;4.0;1;0
76;4/27/2025 13:00;112.59;24.54;48.06;0.14000000000000057;0;78;0;0;0;13;1;184.81;23.98;1;8;2025-04-27 13:00:00;27.04.2025;47.76;47.7;0;0;0;0;0;4.0;1;0
77;4/27/2025 14:00;98.11;24.4;48.05;-0.010000000000005116;0;79;0;0;0;14;1;177.41;24.15;0;8;2025-04-27 14:00:00;27.04.2025;47.58;47.17;0;0;0;0;0;4.0;1;0
78;4/27/2025 15:00;83.83;24.26;47.96;-0.0899999999999963;0;80;0;0;0;15;1;161.58;24.27;0;8;2025-04-27 15:00:00;27.04.2025;47.49;47.36;0;0;0;0;0;4.0;1;0
79;4/27/2025 16:00;64.36;24.24;48.17;0.21000000000000085;0;81;0;0;0;16;1;128.62;24.35;0;8;2025-04-27 16:00:00;27.04.2025;47.74;47.08;0;0;0;0;0;4.0;1;0
80;4/27/2025 17:00;31.49;24.28;48.48;0.30999999999999517;0;82;0;0;0;17;1;92.03;24.36;0;8;2025-04-27 17:00:00;27.04.2025;47.29;46.89;0;0;1;1;0;4.0;1;0
81;4/27/2025 18:00;2.07;24.1;47.63;-0.8499999999999943;0;83;0;0;0;18;1;65.41;24.3;0;8;2025-04-27 18:00:00;27.04.2025;47.43;47.21;0;0;0;1;0;4.0;1;0
82;4/27/2025 19:00;0.0;23.79;47.76;0.12999999999999545;0;84;0;0;0;19;0;46.64;24.18;0;8;2025-04-27 19:00:00;27.04.2025;47.7;47.01;0;0;0;1;0;4.0;1;0
83;4/27/2025 20:00;0.0;23.51;47.58;-0.17999999999999972;0;85;0;0;0;20;0;30.29;24.03;0;8;2025-04-27 20:00:00;27.04.2025;47.17;46.91;0;0;1;1;0;4.0;1;0
84;4/27/2025 21:00;0.61;23.32;47.49;-0.0899999999999963;0;86;0;0;0;21;0;16.42;23.87;0;8;2025-04-27 21:00:00;27.04.2025;47.36;47.04;0;0;0;1;0;4.0;1;0
85;4/27/2025 22:00;74.69;23.3;47.74;0.25;0;87;0;0;0;22;0;18.14;23.72;0;8;2025-04-27 22:00:00;27.04.2025;47.08;49.69;0;0;0;1;0;4.0;1;0
86;4/27/2025 23:00;96.77;23.46;47.29;-0.45000000000000284;0;88;0;0;0;23;0;29.02;23.58;0;8;2025-04-27 23:00:00;27.04.2025;46.89;46.96;0;1;1;1;0;4.0;1;0
87;4/28/2025 0:00;48.38;23.54;47.43;0.14000000000000057;0;89;0;0;0;0;0;36.74;23.49;0;9;2025-04-28 00:00:00;28.04.2025;47.21;47.35;0;0;0;1;0;4.0;1;0
88;4/28/2025 1:00;0.0;23.46;47.7;0.2700000000000031;0;90;0;0;0;1;0;36.74;23.43;0;9;2025-04-28 01:00:00;28.04.2025;47.01;47.45;0;0;0;1;0;4.0;1;0
89;4/28/2025 2:00;0.0;23.32;47.17;-0.5300000000000011;0;91;0;0;0;2;0;36.74;23.4;0;9;2025-04-28 02:00:00;28.04.2025;46.91;47.44;0;1;0;1;0;4.0;1;0
90;4/28/2025 3:00;12.1;23.13;47.36;0.18999999999999773;0;92;0;0;0;3;0;38.66;23.37;0;9;2025-04-28 03:00:00;28.04.2025;47.04;47.51;0;0;0;1;0;4.0;1;0
91;4/28/2025 4:00;67.74;23.0;47.08;-0.28000000000000114;0;93;0;0;0;4;0;37.5;23.32;0;9;2025-04-28 04:00:00;28.04.2025;49.69;46.97;0;0;1;1;0;4.0;1;0
92;4/28/2025 5:00;124.3;23.0;46.89;-0.18999999999999773;0;94;0;0;0;5;0;42.09;23.24;0;9;2025-04-28 05:00:00;28.04.2025;46.96;47.26;1;1;0;1;0;4.0;1;0
93;4/28/2025 6:00;162.24;23.1;47.21;0.3200000000000003;0;95;0;0;0;6;1;61.06;23.17;1;9;2025-04-28 06:00:00;28.04.2025;47.35;47.36;0;0;0;1;0;4.0;1;0
94;4/28/2025 7:00;197.38;23.24;47.01;-0.20000000000000284;0;96;0;0;0;7;1;93.96;23.13;1;9;2025-04-28 07:00:00;28.04.2025;47.45;47.13;0;0;0;1;0;4.0;1;0
95;4/28/2025 8:00;223.87;23.4;46.91;-0.10000000000000142;0;97;0;0;0;8;1;131.27;23.15;1;9;2025-04-28 08:00:00;28.04.2025;47.44;47.59;1;0;0;0;0;4.0;1;0
96;4/28/2025 9:00;249.79;23.55;47.04;0.13000000000000256;0;98;0;0;0;9;1;170.89;23.22;1;9;2025-04-28 09:00:00;28.04.2025;47.51;47.51;0;0;0;0;0;4.0;1;0
97;4/28/2025 10:00;269.76;23.75;49.69;2.6499999999999986;0;99;0;0;0;10;1;204.56;23.34;1;9;2025-04-28 10:00:00;28.04.2025;46.97;47.63;0;1;0;0;0;4.0;1;0
98;4/28/2025 11:00;268.03;24.02;46.96;-2.729999999999997;0;100;1;0;0;11;1;228.51;23.51;1;9;2025-04-28 11:00:00;28.04.2025;47.26;47.56;1;0;0;0;0;4.0;1;0
99;4/28/2025 12:00;196.95;24.29;47.35;0.39000000000000057;0;101;0;0;0;12;1;234.3;23.71;1;9;2025-04-28 12:00:00;28.04.2025;47.36;47.3;0;0;0;0;0;4.0;1;0
100;4/28/2025 13:00;145.61;24.32;47.45;0.10000000000000142;0;102;0;0;0;13;1;225.67;23.89;1;9;2025-04-28 13:00:00;28.04.2025;47.13;47.26;0;0;0;0;0;4.0;1;0
101;4/28/2025 14:00;114.97;24.2;47.44;-0.010000000000005116;0;103;0;0;0;14;1;207.52;24.02;1;9;2025-04-28 14:00:00;28.04.2025;47.59;47.54;0;0;0;0;0;4.0;1;0
102;4/28/2025 15:00;94.73;24.24;47.51;0.07000000000000028;0;104;0;0;0;15;1;181.68;24.14;0;9;2025-04-28 15:00:00;28.04.2025;47.51;47.26;0;0;0;0;0;4.0;1;0
103;4/28/2025 16:00;65.93;24.37;46.97;-0.5399999999999991;0;105;0;0;0;16;1;147.7;24.24;0;9;2025-04-28 16:00:00;28.04.2025;47.63;47.3;1;0;0;0;0;4.0;1;0
104;4/28/2025 17:00;27.46;24.44;47.26;0.28999999999999915;0;106;0;0;0;17;1;107.61;24.31;0;9;2025-04-28 17:00:00;28.04.2025;47.56;47.03;0;0;0;1;0;4.0;1;0
105;4/28/2025 18:00;50.5;24.42;47.36;0.10000000000000142;0;107;0;0;0;18;1;83.2;24.33;0;9;2025-04-28 18:00:00;28.04.2025;47.3;47.41;0;0;0;1;0;4.0;1;0
106;4/28/2025 19:00;117.89;24.37;47.13;-0.22999999999999687;0;108;0;0;0;19;0;78.58;24.34;0;9;2025-04-28 19:00:00;28.04.2025;47.26;47.3;0;0;0;1;0;4.0;1;0
107;4/28/2025 20:00;96.77;24.42;47.59;0.46000000000000085;0;109;0;0;0;20;0;75.55;24.38;0;9;2025-04-28 20:00:00;28.04.2025;47.54;47.26;0;0;0;1;0;4.0;1;0
108;4/28/2025 21:00;96.77;24.37;47.51;-0.0800000000000054;0;110;0;0;0;21;0;75.89;24.4;0;9;2025-04-28 21:00:00;28.04.2025;47.26;47.17;0;0;0;1;0;4.0;1;0
109;4/28/2025 22:00;24.19;24.2;47.63;0.12000000000000455;0;111;0;0;0;22;0;68.93;24.37;0;9;2025-04-28 22:00:00;28.04.2025;47.3;47.37;0;0;0;1;0;4.0;1;0
110;4/28/2025 23:00;0.0;23.95;47.56;-0.07000000000000028;0;112;0;0;0;23;0;64.35;24.29;0;9;2025-04-28 23:00:00;28.04.2025;47.03;47.4;0;0;0;1;0;4.0;1;0
111;4/29/2025 0:00;0.0;23.75;47.3;-0.2600000000000051;0;113;0;0;0;0;0;55.94;24.18;0;10;2025-04-29 00:00:00;29.04.2025;47.41;47.42;0;0;0;1;0;4.0;1;0
112;4/29/2025 1:00;49.61;23.6;47.26;-0.03999999999999915;0;114;0;0;0;1;0;44.56;24.05;0;10;2025-04-29 01:00:00;29.04.2025;47.3;47.33;0;0;0;1;0;4.0;1;0
113;4/29/2025 2:00;64.82;23.58;47.54;0.28000000000000114;0;115;0;0;0;2;0;39.23;23.91;0;10;2025-04-29 02:00:00;29.04.2025;47.26;47.14;0;0;0;1;0;4.0;1;0
114;4/29/2025 3:00;7.49;23.62;47.26;-0.28000000000000114;0;116;0;0;0;3;0;24.35;23.78;0;10;2025-04-29 03:00:00;29.04.2025;47.17;47.39;0;0;0;1;0;4.0;1;0
115;4/29/2025 4:00;37.9;23.54;47.3;0.03999999999999915;0;117;0;0;0;4;0;26.64;23.67;0;10;2025-04-29 04:00:00;29.04.2025;47.37;47.63;0;0;0;1;0;4.0;1;0
116;4/29/2025 5:00;68.39;23.48;47.03;-0.269999999999996;0;118;0;0;0;5;0;38.04;23.6;0;10;2025-04-29 05:00:00;29.04.2025;47.4;47.7;0;0;0;1;0;4.0;1;0
117;4/29/2025 6:00;140.27;23.49;47.41;0.37999999999999545;0;119;0;0;0;6;1;61.41;23.55;1;10;2025-04-29 06:00:00;29.04.2025;47.42;47.32;0;0;0;1;0;4.0;1;0
118;4/29/2025 7:00;117.73;23.75;47.3;-0.10999999999999943;0;120;0;0;0;7;1;72.77;23.58;1;10;2025-04-29 07:00:00;29.04.2025;47.33;47.27;0;0;0;1;0;4.0;1;0
119;4/29/2025 8:00;113.05;24.11;47.26;-0.03999999999999915;0;121;0;0;0;8;1;80.81;23.66;1;10;2025-04-29 08:00:00;29.04.2025;47.14;47.43;0;0;0;1;0;4.0;1;0
120;4/29/2025 9:00;148.49;24.28;47.17;-0.0899999999999963;0;122;0;0;0;9;1;104.31;23.78;1;10;2025-04-29 09:00:00;29.04.2025;47.39;47.35;0;0;0;1;0;4.0;1;0
121;4/29/2025 10:00;166.54;24.44;47.37;0.19999999999999574;0;123;0;0;0;10;1;125.75;23.92;1;10;2025-04-29 10:00:00;29.04.2025;47.63;47.21;0;0;0;0;0;4.0;1;0
122;4/29/2025 11:00;149.07;24.62;47.4;0.030000000000001137;0;124;0;0;0;11;1;139.19;24.11;1;10;2025-04-29 11:00:00;29.04.2025;47.7;47.18;0;0;0;0;0;4.0;1;0
123;4/29/2025 12:00;196.95;24.79;47.42;0.020000000000003126;0;125;0;0;0;12;1;148.64;24.33;1;10;2025-04-29 12:00:00;29.04.2025;47.32;47.43;0;0;0;0;0;4.0;1;0
124;4/29/2025 13:00;162.16;24.83;47.33;-0.09000000000000341;0;126;0;0;0;13;1;156.04;24.51;1;10;2025-04-29 13:00:00;29.04.2025;47.27;47.48;0;0;0;0;0;4.0;1;0
125;4/29/2025 14:00;127.72;24.82;47.14;-0.18999999999999773;0;127;0;0;0;14;1;158.49;24.63;1;10;2025-04-29 14:00:00;29.04.2025;47.43;47.32;0;0;0;0;0;4.0;1;0
126;4/29/2025 15:00;102.61;24.89;47.39;0.25;0;128;0;0;0;15;1;150.84;24.73;1;10;2025-04-29 15:00:00;29.04.2025;47.35;47.11;0;0;0;0;0;4.0;1;0
127;4/29/2025 16:00;74.0;24.9;47.63;0.240000000000002;0;129;0;0;0;16;1;135.42;24.81;0;10;2025-04-29 16:00:00;29.04.2025;47.21;47.43;0;0;0;0;0;4.0;1;0
128;4/29/2025 17:00;33.45;24.81;47.7;0.07000000000000028;0;130;0;0;0;17;1;116.15;24.84;0;10;2025-04-29 17:00:00;29.04.2025;47.18;47.05;0;0;0;1;0;4.0;1;0
129;4/29/2025 18:00;2.03;24.64;47.32;-0.38000000000000256;0;131;0;0;0;18;1;83.66;24.82;0;10;2025-04-29 18:00:00;29.04.2025;47.43;46.71;0;0;1;1;0;4.0;1;0
130;4/29/2025 19:00;0.35;24.48;47.27;-0.04999999999999716;0;132;0;0;0;19;0;56.69;24.76;0;10;2025-04-29 19:00:00;29.04.2025;47.48;47.02;0;0;0;1;0;4.0;1;0
131;4/29/2025 20:00;0.31;24.35;47.43;0.1599999999999966;0;133;0;0;0;20;0;35.46;24.68;0;10;2025-04-29 20:00:00;29.04.2025;47.32;46.94;0;0;1;1;0;4.0;1;0
132;4/29/2025 21:00;0.27;24.28;47.35;-0.0799999999999983;0;134;0;0;0;21;0;18.4;24.58;0;10;2025-04-29 21:00:00;29.04.2025;47.11;46.95;0;0;1;1;0;4.0;1;0
133;4/29/2025 22:00;0.12;24.22;47.21;-0.14000000000000057;0;135;0;0;0;22;0;6.09;24.46;0;10;2025-04-29 22:00:00;29.04.2025;47.43;47.15;0;0;0;1;0;4.0;1;0
134;4/29/2025 23:00;0.0;24.17;47.18;-0.030000000000001137;0;136;0;0;0;23;0;0.51;24.36;0;10;2025-04-29 23:00:00;29.04.2025;47.05;47.07;0;0;0;1;0;4.0;1;0
135;4/30/2025 0:00;0.0;24.06;47.43;0.25;0;137;0;0;0;0;0;0.17;24.26;0;10;2025-04-30 00:00:00;30.04.2025;46.71;46.87;0;1;1;1;0;4.0;1;0
136;4/30/2025 1:00;0.0;23.88;47.48;0.04999999999999716;0;138;0;0;0;1;0;0.12;24.16;0;10;2025-04-30 01:00:00;30.04.2025;47.02;46.01;0;0;1;1;0;4.0;1;0
137;4/30/2025 2:00;0.04;23.72;47.32;-0.1599999999999966;0;139;0;0;0;2;0;0.07;24.05;0;10;2025-04-30 02:00:00;30.04.2025;46.94;45.72;0;1;1;1;0;4.0;1;0
138;4/30/2025 3:00;15.02;23.59;47.11;-0.21000000000000085;0;140;0;0;0;3;0;2.53;23.94;0;10;2025-04-30 03:00:00;30.04.2025;46.95;45.8;0;1;1;1;0;4.0;1;0
139;4/30/2025 4:00;62.67;23.5;47.43;0.3200000000000003;0;141;0;0;0;4;0;12.95;23.82;0;10;2025-04-30 04:00:00;30.04.2025;47.15;45.6;0;0;1;1;0;4.0;1;0
140;4/30/2025 5:00;97.92;23.48;47.05;-0.38000000000000256;0;142;0;0;0;5;0;29.27;23.71;0;10;2025-04-30 05:00:00;30.04.2025;47.07;45.87;0;0;1;1;0;4.0;1;0
141;4/30/2025 6:00;186.97;23.52;46.71;-0.3399999999999963;0;143;0;0;0;6;1;60.44;23.62;1;10;2025-04-30 06:00:00;30.04.2025;46.87;45.89;1;1;1;1;0;4.0;1;0
142;4/30/2025 7:00;261.35;23.64;47.02;0.3100000000000023;0;144;0;0;0;7;1;103.99;23.58;1;10;2025-04-30 07:00:00;30.04.2025;46.01;45.92;0;1;1;1;0;4.0;1;0
143;4/30/2025 8:00;306.28;23.84;46.94;-0.0800000000000054;0;145;0;0;0;8;1;155.03;23.6;1;10;2025-04-30 08:00:00;30.04.2025;45.72;45.95;1;1;1;0;0;4.0;1;0
144;4/30/2025 9:00;286.35;24.11;46.95;0.010000000000005116;0;146;0;0;0;9;1;200.26;23.68;1;10;2025-04-30 09:00:00;30.04.2025;45.8;45.87;1;1;1;0;0;4.0;1;0
145;4/30/2025 10:00;269.37;24.19;47.15;0.19999999999999574;0;147;0;0;0;10;1;234.71;23.8;1;10;2025-04-30 10:00:00;30.04.2025;45.6;45.68;0;1;1;0;0;4.0;1;0
146;4/30/2025 11:00;290.57;24.23;47.07;-0.0799999999999983;0;148;0;0;0;11;1;266.82;23.92;1;10;2025-04-30 11:00:00;30.04.2025;45.87;45.83;0;1;1;0;0;4.0;1;0
147;4/30/2025 12:00;236.31;24.33;46.87;-0.20000000000000284;0;149;0;0;0;12;1;275.04;24.06;1;10;2025-04-30 12:00:00;30.04.2025;45.89;45.98;1;1;1;0;0;4.0;1;0
148;4/30/2025 13:00;209.17;24.52;46.01;-0.8599999999999994;0;150;0;0;0;13;1;266.34;24.2;1;10;2025-04-30 13:00:00;30.04.2025;45.92;45.8;1;1;1;0;0;4.0;1;0
149;4/30/2025 14:00;181.13;24.51;45.72;-0.28999999999999915;0;151;0;0;0;14;1;245.48;24.31;1;10;2025-04-30 14:00:00;30.04.2025;45.95;45.94;1;1;1;0;0;4.0;1;0
150;4/30/2025 15:00;129.72;24.44;45.8;0.0799999999999983;0;152;0;0;0;15;1;219.38;24.37;1;10;2025-04-30 15:00:00;30.04.2025;45.87;45.79;1;1;1;0;0;4.0;1;0
151;4/30/2025 16:00;77.45;24.31;45.6;-0.19999999999999574;0;153;0;0;0;16;1;187.39;24.39;0;10;2025-04-30 16:00:00;30.04.2025;45.68;45.66;1;1;1;0;0;4.0;1;0
152;4/30/2025 17:00;34.06;24.19;45.87;0.269999999999996;0;154;0;0;0;17;1;144.64;24.38;0;10;2025-04-30 17:00:00;30.04.2025;45.83;45.69;1;1;1;0;0;4.0;1;0
153;4/30/2025 18:00;53.15;24.07;45.89;0.020000000000003126;0;155;0;0;0;18;1;114.11;24.34;0;10;2025-04-30 18:00:00;30.04.2025;45.98;45.84;1;1;1;1;0;4.0;1;0
154;4/30/2025 19:00;97.31;23.96;45.92;0.030000000000001137;0;156;0;0;0;19;0;95.47;24.25;0;10;2025-04-30 19:00:00;30.04.2025;45.8;45.61;1;1;1;1;0;4.0;1;0
155;4/30/2025 20:00;97.23;23.86;45.95;0.030000000000001137;0;157;0;0;0;20;0;81.49;24.14;0;10;2025-04-30 20:00:00;30.04.2025;45.94;45.82;1;1;1;1;0;4.0;1;0
156;4/30/2025 21:00;97.31;23.8;45.87;-0.0800000000000054;0;158;0;0;0;21;0;76.08;24.03;0;10;2025-04-30 21:00:00;30.04.2025;45.79;56.21;1;1;0;1;0;4.0;1;0
157;4/30/2025 22:00;97.27;23.77;45.68;-0.18999999999999773;0;159;0;0;0;22;0;79.39;23.94;0;10;2025-04-30 22:00:00;30.04.2025;45.66;51.76;1;1;0;1;0;4.0;1;0
158;4/30/2025 23:00;97.27;23.68;45.83;0.14999999999999858;0;160;0;0;0;23;0;89.92;23.86;0;10;2025-04-30 23:00:00;30.04.2025;45.69;51.49;1;1;0;1;0;4.0;1;0
159;5/1/2025 0:00;64.51;23.73;45.98;0.14999999999999858;0;161;0;0;0;0;0;91.82;23.8;0;9;2025-05-01 00:00:00;1.05.2025;45.84;51.48;1;1;0;1;0;4.0;1;0
160;5/1/2025 1:00;0.0;23.69;45.8;-0.17999999999999972;0;162;0;0;0;1;0;75.6;23.75;0;9;2025-05-01 01:00:00;1.05.2025;45.61;51.54;1;1;0;1;0;4.0;1;0
161;5/1/2025 2:00;0.15;23.51;45.94;0.14000000000000057;0;163;0;0;0;2;0;59.42;23.7;0;9;2025-05-01 02:00:00;1.05.2025;45.82;51.81;1;1;0;1;0;4.0;1;0
162;5/1/2025 3:00;21.89;23.36;45.79;-0.14999999999999858;0;164;0;0;0;3;0;46.85;23.62;0;9;2025-05-01 03:00:00;1.05.2025;56.21;51.7;1;0;0;1;0;4.0;1;0
163;5/1/2025 4:00;83.64;23.27;45.66;-0.13000000000000256;0;165;0;0;0;4;0;44.58;23.54;0;9;2025-05-01 04:00:00;1.05.2025;51.76;51.65;1;0;0;1;0;4.0;1;0
164;5/1/2025 5:00;140.89;23.27;45.69;0.030000000000001137;0;166;0;0;0;5;0;51.85;23.47;0;9;2025-05-01 05:00:00;1.05.2025;51.49;51.58;1;0;0;1;0;4.0;1;0
165;5/1/2025 6:00;176.22;23.35;45.84;0.15000000000000568;0;167;0;0;0;6;1;70.46;23.41;1;9;2025-05-01 06:00:00;1.05.2025;51.48;51.54;1;0;0;1;0;4.0;1;0
166;5/1/2025 7:00;215.81;23.5;45.61;-0.23000000000000398;0;168;0;0;0;7;1;106.43;23.38;1;9;2025-05-01 07:00:00;1.05.2025;51.54;51.3;1;0;0;1;0;4.0;1;0
167;5/1/2025 8:00;234.55;23.81;45.82;0.21000000000000085;0;169;0;0;0;8;1;145.5;23.43;1;9;2025-05-01 08:00:00;1.05.2025;51.81;51.09;1;0;0;0;0;4.0;1;0
168;5/1/2025 10:00;266.57;24.18;56.21;10.39;1;0;0;0;1;10;1;214.7;23.7;1;9;2025-05-01 10:00:00;1.05.2025;51.7;51.34;0;0;0;0;0;4.0;1;0
169;5/1/2025 11:00;260.66;24.22;51.76;-4.450000000000003;0;1;0;0;0;11;1;234.66;23.85;1;9;2025-05-01 11:00:00;1.05.2025;51.65;51.02;0;0;0;0;0;4.0;1;0
170;5/1/2025 12:00;170.34;24.24;51.49;-0.269999999999996;0;2;1;0;0;12;1;233.68;24.0;1;9;2025-05-01 12:00:00;1.05.2025;51.58;51.01;0;0;0;0;0;4.0;1;0
171;5/1/2025 13:00;132.75;24.16;51.48;-0.010000000000005116;0;3;1;0;0;13;1;219.84;24.11;1;9;2025-05-01 13:00:00;1.05.2025;51.54;51.21;0;0;0;0;0;4.0;1;0
172;5/1/2025 14:00;113.24;24.03;51.54;0.060000000000002274;0;4;1;0;0;14;1;199.62;24.15;1;9;2025-05-01 14:00:00;1.05.2025;51.3;50.64;0;0;0;0;0;4.0;1;0
173;5/1/2025 15:00;105.68;23.9;51.81;0.2700000000000031;0;5;1;0;0;15;1;174.87;24.12;1;9;2025-05-01 15:00:00;1.05.2025;51.09;50.51;0;0;0;0;0;4.0;1;0
174;5/1/2025 16:00;81.68;23.79;51.7;-0.10999999999999943;0;6;1;0;0;16;1;144.06;24.05;0;9;2025-05-01 16:00:00;1.05.2025;51.34;50.58;0;0;0;0;0;4.0;1;0
175;5/1/2025 17:00;39.28;23.67;51.65;-0.05000000000000426;0;7;1;0;0;17;1;107.16;23.96;0;9;2025-05-01 17:00:00;1.05.2025;51.02;50.56;0;0;0;1;0;4.0;1;0
176;5/1/2025 18:00;2.42;23.55;51.58;-0.07000000000000028;0;8;1;0;0;18;1;79.17;23.85;0;9;2025-05-01 18:00:00;1.05.2025;51.01;50.76;0;0;0;1;0;4.0;1;0
177;5/1/2025 19:00;0.0;23.43;51.54;-0.03999999999999915;0;9;1;0;0;19;0;57.05;23.73;0;9;2025-05-01 19:00:00;1.05.2025;51.21;50.42;0;0;0;1;0;4.0;1;0
178;5/1/2025 20:00;0.0;23.31;51.3;-0.240000000000002;0;10;1;0;0;20;0;38.18;23.61;0;9;2025-05-01 20:00:00;1.05.2025;50.64;50.71;0;0;0;1;0;4.0;1;0
179;5/1/2025 21:00;0.0;23.21;51.09;-0.20999999999999375;0;11;1;0;0;21;0;20.56;23.49;0;9;2025-05-01 21:00:00;1.05.2025;50.51;50.36;0;0;0;1;0;4.0;1;0
180;5/1/2025 22:00;0.0;23.12;51.34;0.25;0;12;1;0;0;22;0;6.95;23.38;0;9;2025-05-01 22:00:00;1.05.2025;50.58;49.58;0;0;0;1;0;4.0;1;0
181;5/1/2025 23:00;0.0;23.04;51.02;-0.3200000000000003;0;13;1;0;0;23;0;0.4;23.28;0;9;2025-05-01 23:00:00;1.05.2025;50.56;49.06;0;0;0;1;0;4.0;1;0
182;5/2/2025 0:00;0.0;22.97;51.01;-0.010000000000005116;0;14;0;0;0;0;0;0.0;23.18;0;8;2025-05-02 00:00:00;2.05.2025;50.76;48.55;0;0;0;1;0;4.0;1;0
183;5/2/2025 1:00;0.0;22.91;51.21;0.20000000000000284;0;15;0;0;0;1;0;0.0;23.1;0;8;2025-05-02 01:00:00;2.05.2025;50.42;48.04;0;0;0;1;0;4.0;1;0
184;5/2/2025 2:00;0.04;22.86;50.64;-0.5700000000000003;0;16;0;0;0;2;0;0.01;23.02;0;8;2025-05-02 02:00:00;2.05.2025;50.71;47.84;0;0;0;1;0;4.0;1;0
185;5/2/2025 3:00;10.29;22.82;50.51;-0.13000000000000256;0;17;0;0;0;3;0;1.72;22.95;0;8;2025-05-02 03:00:00;2.05.2025;50.36;47.59;0;0;0;1;0;4.0;1;0
186;5/2/2025 4:00;68.54;22.8;50.58;0.07000000000000028;0;18;0;0;0;4;0;13.15;22.9;0;8;2025-05-02 04:00:00;2.05.2025;49.58;47.43;0;0;0;1;0;4.0;1;0
187;5/2/2025 5:00;149.49;22.86;50.56;-0.01999999999999602;0;19;0;0;0;5;0;38.06;22.87;0;8;2025-05-02 05:00:00;2.05.2025;49.06;46.92;0;0;1;1;0;4.0;1;0
188;5/2/2025 6:00;196.19;23.02;50.76;0.19999999999999574;0;20;0;0;0;6;1;70.76;22.88;1;8;2025-05-02 06:00:00;2.05.2025;48.55;47.1;0;0;0;1;0;4.0;1;0
189;5/2/2025 7:00;225.75;23.21;50.42;-0.3399999999999963;0;21;0;0;0;7;1;108.38;22.93;1;8;2025-05-02 07:00:00;2.05.2025;48.04;46.92;0;0;1;1;0;4.0;1;0
190;5/2/2025 8:00;285.89;23.38;50.71;0.28999999999999915;0;22;0;0;0;8;1;156.03;23.02;1;8;2025-05-02 08:00:00;2.05.2025;47.84;46.89;0;0;1;0;0;4.0;1;0
191;5/2/2025 9:00;316.26;23.55;50.36;-0.3500000000000014;0;23;0;0;0;9;1;207.02;23.14;1;8;2025-05-02 09:00:00;2.05.2025;47.59;46.69;0;0;1;0;0;4.0;1;0
192;5/2/2025 10:00;296.64;23.69;49.58;-0.7800000000000011;0;24;0;0;0;10;1;245.04;23.29;1;8;2025-05-02 10:00:00;2.05.2025;47.43;46.86;0;0;1;0;0;4.0;1;0
193;5/2/2025 11:00;113.05;23.76;49.06;-0.519999999999996;0;25;0;0;0;11;1;238.96;23.44;1;8;2025-05-02 11:00:00;2.05.2025;46.92;46.76;0;1;1;0;0;4.0;1;0
194;5/2/2025 12:00;164.39;23.69;48.55;-0.5100000000000051;0;26;0;0;0;12;1;233.66;23.55;1;8;2025-05-02 12:00:00;2.05.2025;47.1;47.04;0;0;0;0;0;4.0;1;0
195;5/2/2025 13:00;78.87;23.65;48.04;-0.509999999999998;0;27;0;0;0;13;1;209.18;23.62;0;8;2025-05-02 13:00:00;2.05.2025;46.92;46.53;0;1;1;0;0;4.0;1;0
196;5/2/2025 14:00;135.51;23.59;47.84;-0.19999999999999574;0;28;0;0;0;14;1;184.12;23.66;1;8;2025-05-02 14:00:00;2.05.2025;46.89;46.44;0;1;1;0;0;4.0;1;0
197;5/2/2025 15:00;94.54;23.57;47.59;-0.25;0;29;0;0;0;15;1;147.17;23.66;0;8;2025-05-02 15:00:00;2.05.2025;46.69;46.6;0;1;1;0;0;4.0;1;0
198;5/2/2025 16:00;56.91;23.53;47.43;-0.1600000000000037;0;30;0;0;0;16;1;107.21;23.63;0;8;2025-05-02 16:00:00;2.05.2025;46.86;46.62;0;1;1;1;0;4.0;1;0
199;5/2/2025 17:00;23.12;23.47;46.92;-0.509999999999998;0;31;0;0;0;17;1;92.22;23.58;0;8;2025-05-02 17:00:00;2.05.2025;46.76;46.65;1;1;1;1;0;4.0;1;0
200;5/2/2025 18:00;0.77;23.4;47.1;0.17999999999999972;0;32;0;0;0;18;1;64.95;23.54;0;8;2025-05-02 18:00:00;2.05.2025;47.04;46.63;0;0;1;1;0;4.0;1;0
201;5/2/2025 19:00;0.0;23.31;46.92;-0.17999999999999972;0;33;0;0;0;19;0;51.81;23.48;0;8;2025-05-02 19:00:00;2.05.2025;46.53;46.61;1;1;1;1;0;4.0;1;0
202;5/2/2025 20:00;0.0;23.23;46.89;-0.030000000000001137;0;34;0;0;0;20;0;29.22;23.42;0;8;2025-05-02 20:00:00;2.05.2025;46.44;46.43;1;1;1;1;0;4.0;1;0
203;5/2/2025 21:00;0.0;23.16;46.69;-0.20000000000000284;0;35;0;0;0;21;0;13.47;23.35;0;8;2025-05-02 21:00:00;2.05.2025;46.6;46.36;1;1;1;1;0;4.0;1;0
204;5/2/2025 22:00;0.0;23.08;46.86;0.1700000000000017;0;36;0;0;0;22;0;3.98;23.27;0;8;2025-05-02 22:00:00;2.05.2025;46.62;46.48;1;1;1;1;0;4.0;1;0
205;5/2/2025 23:00;0.0;23.0;46.76;-0.10000000000000142;0;37;0;0;0;23;0;0.13;23.19;0;8;2025-05-02 23:00:00;2.05.2025;46.65;46.84;1;1;1;1;0;4.0;1;0
206;5/3/2025 0:00;0.0;22.94;47.04;0.28000000000000114;0;38;0;0;0;0;0;0.0;23.12;0;10;2025-05-03 00:00:00;3.05.2025;46.63;46.45;0;1;1;1;0;4.0;1;0
207;5/3/2025 1:00;0.0;22.87;46.53;-0.509999999999998;0;39;0;0;0;1;0;0.0;23.04;0;10;2025-05-03 01:00:00;3.05.2025;46.61;46.49;1;1;1;1;0;4.0;1;0
208;5/3/2025 2:00;0.23;22.81;46.44;-0.09000000000000341;0;40;0;0;0;2;0;0.04;22.97;0;10;2025-05-03 02:00:00;3.05.2025;46.43;46.6;1;1;1;1;0;4.0;1;0
209;5/3/2025 3:00;20.51;22.76;46.6;0.1600000000000037;0;41;0;0;0;3;0;3.46;22.91;0;10;2025-05-03 03:00:00;3.05.2025;46.36;46.32;1;1;1;1;0;4.0;1;0
210;5/3/2025 4:00;77.49;22.74;46.62;0.01999999999999602;0;42;0;0;0;4;0;16.37;22.85;0;10;2025-05-03 04:00:00;3.05.2025;46.48;46.5;1;1;1;1;0;4.0;1;0
211;5/3/2025 5:00;134.98;22.76;46.65;0.030000000000001137;0;43;0;0;0;5;0;38.87;22.81;0;10;2025-05-03 05:00:00;3.05.2025;46.84;46.57;1;1;1;1;0;4.0;1;0
212;5/3/2025 6:00;178.79;22.87;46.63;-0.01999999999999602;0;44;0;0;0;6;1;68.67;22.8;1;10;2025-05-03 06:00:00;3.05.2025;46.45;46.41;1;1;1;1;0;4.0;1;0
213;5/3/2025 7:00;222.53;23.01;46.61;-0.020000000000003126;0;45;0;0;0;7;1;105.75;22.83;1;10;2025-05-03 07:00:00;3.05.2025;46.49;46.36;1;1;1;1;0;4.0;1;0
214;5/3/2025 8:00;257.09;23.17;46.43;-0.17999999999999972;0;46;0;0;0;8;1;148.56;22.89;1;10;2025-05-03 08:00:00;3.05.2025;46.6;46.46;1;1;1;0;0;4.0;1;0
215;5/3/2025 9:00;305.66;23.32;46.36;-0.07000000000000028;0;47;0;0;0;9;1;196.09;22.98;1;10;2025-05-03 09:00:00;3.05.2025;46.32;46.21;1;1;1;0;0;4.0;1;0
216;5/3/2025 10:00;336.58;23.47;46.48;0.11999999999999744;0;48;0;0;0;10;1;239.27;23.1;1;10;2025-05-03 10:00:00;3.05.2025;46.5;46.57;1;1;1;0;0;4.0;1;0
217;5/3/2025 11:00;311.66;23.61;46.84;0.36000000000000654;0;49;0;0;0;11;1;268.72;23.24;1;10;2025-05-03 11:00:00;3.05.2025;46.57;46.19;1;1;1;0;0;4.0;1;0
218;5/3/2025 12:00;229.71;23.68;46.45;-0.39000000000000057;0;50;0;0;0;12;1;277.2;23.38;1;10;2025-05-03 12:00:00;3.05.2025;46.41;46.29;1;1;1;0;0;4.0;1;0
219;5/3/2025 13:00;154.33;23.65;46.49;0.03999999999999915;0;51;0;0;0;13;1;265.84;23.48;1;10;2025-05-03 13:00:00;3.05.2025;46.36;46.33;1;1;1;0;0;4.0;1;0
220;5/3/2025 14:00;119.0;23.55;46.6;0.10999999999999943;0;52;0;0;0;14;1;242.82;23.55;1;10;2025-05-03 14:00:00;3.05.2025;46.46;46.46;1;1;1;0;0;4.0;1;0
221;5/3/2025 15:00;110.86;23.43;46.32;-0.28000000000000114;0;53;0;0;0;15;1;210.36;23.56;1;10;2025-05-03 15:00:00;3.05.2025;46.21;46.26;1;1;1;0;0;4.0;1;0
222;5/3/2025 16:00;82.45;23.33;46.5;0.17999999999999972;0;54;0;0;0;16;1;168.0;23.54;0;10;2025-05-03 16:00:00;3.05.2025;46.57;46.04;1;1;1;0;0;4.0;1;0
223;5/3/2025 17:00;34.21;23.22;46.57;0.07000000000000028;0;55;0;0;0;17;1;121.76;23.48;0;10;2025-05-03 17:00:00;3.05.2025;46.19;46.28;1;1;1;0;0;4.0;1;0
224;5/3/2025 18:00;2.8;23.11;46.41;-0.1600000000000037;0;56;0;0;0;18;1;83.94;23.38;0;10;2025-05-03 18:00:00;3.05.2025;46.29;46.34;1;1;1;1;0;4.0;1;0
225;5/3/2025 19:00;17.43;22.99;46.36;-0.04999999999999716;0;57;0;0;0;19;0;61.13;23.27;0;10;2025-05-03 19:00:00;3.05.2025;46.33;46.13;1;1;1;1;0;4.0;1;0
226;5/3/2025 20:00;99.19;22.98;46.46;0.10000000000000142;0;58;0;0;0;20;0;57.82;23.18;0;10;2025-05-03 20:00:00;3.05.2025;46.46;46.25;1;1;1;1;0;4.0;1;0
227;5/3/2025 21:00;98.95;23.09;46.21;-0.25;0;59;0;0;0;21;0;55.84;23.12;0;10;2025-05-03 21:00:00;3.05.2025;46.26;46.24;1;1;1;1;0;4.0;1;0
228;5/3/2025 22:00;49.92;23.2;46.57;0.35999999999999943;0;60;0;0;0;22;0;50.42;23.1;0;10;2025-05-03 22:00:00;3.05.2025;46.04;45.83;1;1;1;1;0;4.0;1;0
229;5/3/2025 23:00;0.0;23.2;46.19;-0.38000000000000256;0;61;0;0;0;23;0;44.72;23.1;0;10;2025-05-03 23:00:00;3.05.2025;46.28;45.66;1;1;1;1;0;4.0;1;0
230;5/4/2025 0:00;0.0;23.05;46.29;0.10000000000000142;0;62;0;0;0;0;0;44.25;23.09;0;4;2025-05-04 00:00:00;4.05.2025;46.34;46.15;1;1;1;1;0;4.0;1;0
231;5/4/2025 1:00;0.0;22.92;46.33;0.03999999999999915;0;63;0;0;0;1;0;41.34;23.07;0;4;2025-05-04 01:00:00;4.05.2025;46.13;46.06;1;1;1;1;0;4.0;1;0
232;5/4/2025 2:00;0.0;22.83;46.46;0.13000000000000256;0;64;0;0;0;2;0;24.81;23.05;0;4;2025-05-04 02:00:00;4.05.2025;46.25;45.86;1;1;1;1;0;4.0;1;0
233;5/4/2025 3:00;4.84;22.77;46.26;-0.20000000000000284;0;65;0;0;0;3;0;9.13;23.0;0;4;2025-05-04 03:00:00;4.05.2025;46.24;45.82;1;1;1;1;0;4.0;1;0
234;5/4/2025 4:00;25.46;22.7;46.04;-0.21999999999999886;0;66;0;0;0;4;0;5.05;22.91;0;4;2025-05-04 04:00:00;4.05.2025;45.83;45.87;1;1;1;1;0;4.0;1;0
235;5/4/2025 5:00;22.89;22.66;46.28;0.240000000000002;0;67;0;0;0;5;0;8.86;22.82;0;4;2025-05-04 05:00:00;4.05.2025;45.66;46.15;1;1;1;1;0;4.0;1;0
236;5/4/2025 6:00;26.61;22.65;46.34;0.060000000000002274;0;68;0;0;0;6;1;13.3;22.76;0;4;2025-05-04 06:00:00;4.05.2025;46.15;45.97;1;1;1;1;0;4.0;1;0
237;5/4/2025 7:00;84.02;22.66;46.13;-0.21000000000000085;0;69;0;0;0;7;1;27.3;22.71;0;4;2025-05-04 07:00:00;4.05.2025;46.06;46.01;1;1;1;1;0;4.0;1;0
238;5/4/2025 8:00;170.3;22.82;46.25;0.11999999999999744;0;70;0;0;0;8;1;55.69;22.71;1;4;2025-05-04 08:00:00;4.05.2025;45.86;45.91;1;1;1;1;0;4.0;1;0
239;5/4/2025 9:00;248.64;23.13;46.24;-0.00999999999999801;0;71;0;0;0;9;1;96.32;22.77;1;4;2025-05-04 09:00:00;4.05.2025;45.82;46.02;1;1;1;1;0;4.0;1;0
240;5/4/2025 10:00;146.72;23.59;45.83;-0.4100000000000037;0;72;0;1;0;10;1;116.53;22.92;1;4;2025-05-04 10:00:00;4.05.2025;45.87;45.89;1;1;1;1;0;4.0;1;0
241;5/4/2025 11:00;118.12;23.87;45.66;-0.1700000000000017;0;73;0;1;0;11;1;132.4;23.12;1;4;2025-05-04 11:00:00;4.05.2025;46.15;46.0;1;1;1;0;0;4.0;1;0
242;5/4/2025 12:00;68.7;24.03;46.15;0.490000000000002;0;74;0;1;0;12;1;139.42;23.35;0;4;2025-05-04 12:00:00;4.05.2025;45.97;45.97;1;1;1;0;0;4.0;1;0
243;5/4/2025 13:00;45.93;24.05;46.06;-0.0899999999999963;0;75;0;1;0;13;1;133.07;23.58;0;4;2025-05-04 13:00:00;4.05.2025;46.01;46.29;1;1;1;0;0;4.0;1;0
244;5/4/2025 14:00;28.72;23.89;45.86;-0.20000000000000284;0;76;0;1;0;14;1;109.47;23.76;0;4;2025-05-04 14:00:00;4.05.2025;45.91;46.08;1;1;1;1;0;4.0;1;0
245;5/4/2025 15:00;26.38;23.65;45.82;-0.03999999999999915;0;77;0;1;0;15;1;72.43;23.85;0;4;2025-05-04 15:00:00;4.05.2025;46.02;46.16;1;1;1;1;0;4.0;1;0
246;5/4/2025 16:00;4.61;23.44;45.87;0.04999999999999716;0;78;0;1;0;16;1;48.74;23.82;0;4;2025-05-04 16:00:00;4.05.2025;45.89;46.06;1;1;1;1;0;4.0;1;0
247;5/4/2025 17:00;2.23;23.24;46.15;0.28000000000000114;0;79;0;1;0;17;1;29.43;23.72;0;4;2025-05-04 17:00:00;4.05.2025;46.0;46.43;1;1;1;1;0;4.0;1;0
248;5/4/2025 18:00;0.23;23.07;45.97;-0.17999999999999972;0;80;0;1;0;18;1;18.02;23.56;0;4;2025-05-04 18:00:00;4.05.2025;45.97;46.03;1;1;1;1;0;4.0;1;0
249;5/4/2025 19:00;3.46;22.96;46.01;0.03999999999999915;0;81;0;1;0;19;0;10.94;23.38;0;4;2025-05-04 19:00:00;4.05.2025;46.29;46.34;1;1;1;1;0;4.0;1;0
250;5/4/2025 20:00;2.15;22.92;45.91;-0.10000000000000142;0;82;0;1;0;20;0;6.51;23.21;0;4;2025-05-04 20:00:00;4.05.2025;46.08;46.24;1;1;1;1;0;4.0;1;0
251;5/4/2025 21:00;1.42;22.96;46.02;0.11000000000000654;0;83;0;1;0;21;0;2.35;23.1;0;4;2025-05-04 21:00:00;4.05.2025;46.16;45.94;1;1;1;1;0;4.0;1;0
252;5/4/2025 22:00;1.61;23.27;45.89;-0.13000000000000256;0;84;0;1;0;22;0;1.85;23.07;0;4;2025-05-04 22:00:00;4.05.2025;46.06;45.98;1;1;1;1;0;4.0;1;0
253;5/4/2025 23:00;0.46;23.58;46.0;0.10999999999999943;0;85;0;1;0;23;0;1.55;23.13;0;4;2025-05-04 23:00:00;4.05.2025;46.43;46.07;1;1;1;1;0;4.0;1;0
254;5/5/2025 0:00;0.0;23.58;45.97;-0.030000000000001137;0;86;0;1;0;0;0;1.52;23.21;0;8;2025-05-05 00:00:00;5.05.2025;46.03;46.0;1;1;1;1;0;4.0;1;0
255;5/5/2025 1:00;0.0;23.52;46.29;0.3200000000000003;0;87;0;1;0;1;0;0.94;23.3;0;8;2025-05-05 01:00:00;5.05.2025;46.34;46.22;1;1;1;1;0;4.0;1;0
256;5/5/2025 2:00;0.34;23.48;46.08;-0.21000000000000085;0;88;0;1;0;2;0;0.64;23.4;0;8;2025-05-05 02:00:00;5.05.2025;46.24;45.96;1;1;1;1;0;4.0;1;0
257;5/5/2025 3:00;11.44;23.45;46.16;0.0799999999999983;0;89;0;1;0;3;0;2.31;23.48;0;8;2025-05-05 03:00:00;5.05.2025;45.94;45.92;1;1;1;1;0;4.0;1;0
258;5/5/2025 4:00;41.74;23.43;46.06;-0.09999999999999432;0;90;0;1;0;4;0;9.0;23.51;0;8;2025-05-05 04:00:00;5.05.2025;45.98;45.96;1;1;1;1;0;4.0;1;0
259;5/5/2025 5:00;88.05;23.46;46.43;0.36999999999999744;0;91;0;1;0;5;0;23.6;23.49;0;8;2025-05-05 05:00:00;5.05.2025;46.07;45.98;1;1;1;1;0;4.0;1;0
260;5/5/2025 6:00;144.73;23.53;46.03;-0.3999999999999986;0;92;0;1;0;6;1;47.72;23.48;1;8;2025-05-05 06:00:00;5.05.2025;46.0;46.01;1;1;1;1;0;4.0;1;0
261;5/5/2025 7:00;172.61;23.67;46.34;0.3100000000000023;0;93;0;1;0;7;1;76.49;23.5;1;8;2025-05-05 07:00:00;5.05.2025;46.22;45.95;1;1;1;1;0;4.0;1;0
262;5/5/2025 8:00;252.33;23.83;46.24;-0.10000000000000142;0;94;0;1;0;8;1;118.48;23.56;1;8;2025-05-05 08:00:00;5.05.2025;45.96;45.82;1;1;1;1;0;4.0;1;0
263;5/5/2025 9:00;226.83;23.99;45.94;-0.30000000000000426;0;95;0;1;0;9;1;154.38;23.65;1;8;2025-05-05 09:00:00;5.05.2025;45.92;46.08;1;1;1;0;0;4.0;1;0
264;5/5/2025 10:00;238.96;24.2;45.98;0.03999999999999915;0;96;0;1;0;10;1;187.25;23.78;1;8;2025-05-05 10:00:00;5.05.2025;45.96;46.07;1;1;1;0;0;4.0;1;0
265;5/5/2025 11:00;227.06;24.55;46.07;0.09000000000000341;0;97;0;1;0;11;1;210.42;23.96;1;8;2025-05-05 11:00:00;5.05.2025;45.98;45.73;1;1;1;0;0;4.0;1;0
266;5/5/2025 12:00;146.8;24.82;46.0;-0.07000000000000028;0;98;0;1;0;12;1;210.76;24.18;1;8;2025-05-05 12:00:00;5.05.2025;46.01;45.95;1;1;1;0;0;4.0;1;0
267;5/5/2025 13:00;116.62;24.85;46.22;0.21999999999999886;0;99;0;1;0;13;1;201.43;24.37;1;8;2025-05-05 13:00:00;5.05.2025;45.95;45.89;1;1;1;0;0;4.0;1;0
268;5/5/2025 14:00;97.42;24.64;45.96;-0.259999999999998;0;100;0;1;0;14;1;175.62;24.51;0;8;2025-05-05 14:00:00;5.05.2025;45.82;46.16;1;1;1;0;0;4.0;1;0
269;5/5/2025 15:00;81.33;24.34;45.92;-0.03999999999999915;0;101;0;1;0;15;1;151.37;24.57;0;8;2025-05-05 15:00:00;5.05.2025;46.08;45.99;1;1;1;0;0;4.0;1;0
270;5/5/2025 16:00;62.21;24.07;45.96;0.03999999999999915;0;102;0;1;0;16;1;121.91;24.54;0;8;2025-05-05 16:00:00;5.05.2025;46.07;45.91;1;1;1;0;0;4.0;1;0
271;5/5/2025 17:00;33.87;23.85;45.98;0.01999999999999602;0;103;0;1;0;17;1;89.71;24.43;0;8;2025-05-05 17:00:00;5.05.2025;45.73;46.05;1;1;1;1;0;4.0;1;0
272;5/5/2025 18:00;3.88;23.68;46.01;0.030000000000001137;0;104;0;1;0;18;1;65.89;24.24;0;8;2025-05-05 18:00:00;5.05.2025;45.95;45.87;1;1;1;1;0;4.0;1;0
273;5/5/2025 19:00;0.77;23.53;45.95;-0.05999999999999517;0;105;0;1;0;19;0;46.58;24.02;0;8;2025-05-05 19:00:00;5.05.2025;45.89;45.94;1;1;1;1;0;4.0;1;0
274;5/5/2025 20:00;83.02;23.55;45.82;-0.13000000000000256;0;106;0;1;0;20;0;44.18;23.84;0;8;2025-05-05 20:00:00;5.05.2025;46.16;45.87;1;1;1;1;0;4.0;1;0
275;5/5/2025 21:00;97.69;23.66;46.08;0.259999999999998;0;107;0;1;0;21;0;46.91;23.72;0;8;2025-05-05 21:00:00;5.05.2025;45.99;46.19;1;1;1;1;0;4.0;1;0
276;5/5/2025 22:00;97.73;23.74;46.07;-0.00999999999999801;0;108;0;1;0;22;0;52.83;23.67;0;8;2025-05-05 22:00:00;5.05.2025;45.91;46.02;1;1;1;1;0;4.0;1;0
277;5/5/2025 23:00;56.99;23.82;45.73;-0.3400000000000034;0;109;0;1;0;23;0;56.68;23.66;0;8;2025-05-05 23:00:00;5.05.2025;46.05;46.17;1;1;1;1;0;4.0;1;0
278;5/6/2025 0:00;0.0;23.73;45.95;0.22000000000000597;0;110;0;1;0;0;0;56.03;23.67;0;8;2025-05-06 00:00:00;6.05.2025;45.87;46.2;1;1;1;1;0;4.0;1;0
279;5/6/2025 1:00;0.0;23.57;45.89;-0.060000000000002274;0;111;0;1;0;1;0;55.9;23.68;0;8;2025-05-06 01:00:00;6.05.2025;45.94;46.24;1;1;1;1;0;4.0;1;0
280;5/6/2025 2:00;0.5;23.44;46.16;0.269999999999996;0;112;0;1;0;2;0;42.15;23.66;0;8;2025-05-06 02:00:00;6.05.2025;45.87;45.92;1;1;1;1;0;4.0;1;0
281;5/6/2025 3:00;23.92;23.35;45.99;-0.1699999999999946;0;113;0;1;0;3;0;29.86;23.61;0;8;2025-05-06 03:00:00;6.05.2025;46.19;46.31;1;1;1;1;0;4.0;1;0
282;5/6/2025 4:00;76.57;23.3;45.91;-0.0800000000000054;0;114;0;1;0;4;0;26.33;23.53;0;8;2025-05-06 04:00:00;6.05.2025;46.02;46.19;1;1;1;1;0;4.0;1;0
283;5/6/2025 5:00;123.26;23.32;46.05;0.14000000000000057;0;115;0;1;0;5;0;37.38;23.45;0;8;2025-05-06 05:00:00;6.05.2025;46.17;46.06;1;1;1;1;0;4.0;1;0
284;5/6/2025 6:00;149.15;23.41;45.87;-0.17999999999999972;0;116;0;1;0;6;1;62.23;23.4;1;8;2025-05-06 06:00:00;6.05.2025;46.2;46.02;1;1;1;1;0;4.0;1;0
285;5/6/2025 7:00;178.37;23.51;45.94;0.07000000000000028;0;117;0;1;0;7;1;91.96;23.39;1;8;2025-05-06 07:00:00;6.05.2025;46.24;46.05;1;1;1;1;0;4.0;1;0
286;5/6/2025 8:00;190.46;23.65;45.87;-0.07000000000000028;0;118;0;1;0;8;1;123.62;23.42;1;8;2025-05-06 08:00:00;6.05.2025;45.92;46.16;1;1;1;0;0;4.0;1;0
287;5/6/2025 9:00;216.54;23.84;46.19;0.3200000000000003;0;119;0;1;0;9;1;155.72;23.5;1;8;2025-05-06 09:00:00;6.05.2025;46.31;46.07;1;1;1;0;0;4.0;1;0
288;5/6/2025 10:00;267.57;24.11;46.02;-0.1699999999999946;0;120;0;1;0;10;1;187.56;23.64;1;8;2025-05-06 10:00:00;6.05.2025;46.19;46.34;1;1;1;0;0;4.0;1;0
289;5/6/2025 11:00;277.86;24.32;46.17;0.14999999999999858;0;121;0;1;0;11;1;213.32;23.81;1;8;2025-05-06 11:00:00;6.05.2025;46.06;46.19;1;1;1;0;0;4.0;1;0
290;5/6/2025 12:00;208.78;24.39;46.2;0.030000000000001137;0;122;0;1;0;12;1;223.26;23.97;1;8;2025-05-06 12:00:00;6.05.2025;46.02;46.19;1;1;1;0;0;4.0;1;0
291;5/6/2025 13:00;123.57;24.38;46.24;0.03999999999999915;0;123;0;1;0;13;1;214.13;24.11;1;8;2025-05-06 13:00:00;6.05.2025;46.05;46.02;1;1;1;0;0;4.0;1;0
292;5/6/2025 14:00;42.59;24.33;45.92;-0.3200000000000003;0;124;0;1;0;14;1;189.48;24.23;0;8;2025-05-06 14:00:00;6.05.2025;46.16;46.02;1;1;1;0;0;4.0;1;0
293;5/6/2025 15:00;21.89;24.33;46.31;0.39000000000000057;0;125;0;1;0;15;1;157.04;24.31;0;8;2025-05-06 15:00:00;6.05.2025;46.07;46.13;1;1;1;0;0;4.0;1;0
294;5/6/2025 16:00;20.62;24.24;46.19;-0.12000000000000455;0;126;0;1;0;16;1;115.88;24.33;0;8;2025-05-06 16:00:00;6.05.2025;46.34;46.31;1;1;1;1;0;4.0;1;0
295;5/6/2025 17:00;12.02;24.14;46.06;-0.12999999999999545;0;127;0;1;0;17;1;71.58;24.3;0;8;2025-05-06 17:00:00;6.05.2025;46.19;46.12;1;1;1;1;0;4.0;1;0
296;5/6/2025 18:00;52.72;24.17;46.02;-0.03999999999999915;0;128;0;1;0;18;1;45.57;24.26;0;8;2025-05-06 18:00:00;6.05.2025;46.19;46.13;1;1;1;1;0;4.0;1;0
297;5/6/2025 19:00;98.61;24.2;46.05;0.02999999999999403;0;129;0;1;0;19;0;41.41;24.23;0;8;2025-05-06 19:00:00;6.05.2025;46.02;46.19;1;1;1;1;0;4.0;1;0
298;5/6/2025 20:00;98.42;24.22;46.16;0.10999999999999943;0;130;0;1;0;20;0;50.71;24.22;0;8;2025-05-06 20:00:00;6.05.2025;46.02;46.05;1;1;1;1;0;4.0;1;0
299;5/6/2025 21:00;24.08;24.23;46.07;-0.0899999999999963;0;131;0;1;0;21;0;51.08;24.2;0;8;2025-05-06 21:00:00;6.05.2025;46.13;46.16;1;1;1;1;0;4.0;1;0
300;5/6/2025 22:00;0.0;24.02;46.34;0.2700000000000031;0;132;0;1;0;22;0;47.64;24.16;0;8;2025-05-06 22:00:00;6.05.2025;46.31;46.29;1;1;1;1;0;4.0;1;0
301;5/6/2025 23:00;0.0;23.84;46.19;-0.15000000000000568;0;133;0;1;0;23;0;45.64;24.11;0;8;2025-05-06 23:00:00;6.05.2025;46.12;45.96;1;1;1;1;0;4.0;1;0
302;5/7/2025 0:00;0.0;23.7;46.19;0.0;0;134;1;1;0;0;0;36.85;24.03;0;6;2025-05-07 00:00:00;7.05.2025;46.13;45.97;1;1;1;1;0;4.0;1;0
303;5/7/2025 1:00;0.0;23.6;46.02;-0.1699999999999946;0;135;0;1;0;1;0;20.42;23.93;0;6;2025-05-07 01:00:00;7.05.2025;46.19;46.27;1;1;1;1;0;4.0;1;0
304;5/7/2025 2:00;0.15;23.48;46.02;0.0;0;136;0;1;0;2;0;4.04;23.81;0;6;2025-05-07 02:00:00;7.05.2025;46.05;46.77;1;1;1;1;0;4.0;1;0
305;5/7/2025 3:00;9.83;23.4;46.13;0.10999999999999943;0;137;0;1;0;3;0;1.66;23.67;0;6;2025-05-07 03:00:00;7.05.2025;46.16;46.72;1;1;1;1;0;4.0;1;0
306;5/7/2025 4:00;39.4;23.35;46.31;0.17999999999999972;0;138;0;1;0;4;0;8.23;23.56;0;6;2025-05-07 04:00:00;7.05.2025;46.29;46.75;1;1;1;1;0;4.0;1;0
307;5/7/2025 5:00;73.8;23.37;46.12;-0.19000000000000483;0;139;0;1;0;5;0;20.53;23.48;0;6;2025-05-07 05:00:00;7.05.2025;45.96;46.88;1;1;1;1;0;4.0;1;0
308;5/7/2025 6:00;92.24;23.44;46.13;0.010000000000005116;0;140;0;1;0;6;1;35.9;23.44;0;6;2025-05-07 06:00:00;7.05.2025;45.97;46.92;1;1;1;1;0;4.0;1;0
309;5/7/2025 7:00;114.09;23.52;46.19;0.05999999999999517;0;141;0;1;0;7;1;54.92;23.43;1;6;2025-05-07 07:00:00;7.05.2025;46.27;46.91;1;1;1;1;0;4.0;1;0
310;5/7/2025 8:00;147.76;23.62;46.05;-0.14000000000000057;0;142;0;1;0;8;1;79.52;23.45;1;6;2025-05-07 08:00:00;7.05.2025;46.77;46.83;1;1;1;1;0;4.0;1;0
311;5/7/2025 9:00;201.45;23.82;46.16;0.10999999999999943;0;143;0;1;0;9;1;111.46;23.52;1;6;2025-05-07 09:00:00;7.05.2025;46.72;47.08;1;1;0;1;0;4.0;1;0
312;5/7/2025 10:00;205.37;24.02;46.29;0.13000000000000256;0;144;0;1;0;10;1;139.12;23.63;1;6;2025-05-07 10:00:00;7.05.2025;46.75;46.78;1;1;1;0;0;4.0;1;0
313;5/7/2025 11:00;203.98;24.04;45.96;-0.3299999999999983;0;145;0;1;0;11;1;160.81;23.74;1;6;2025-05-07 11:00:00;7.05.2025;46.88;47.21;1;1;0;0;0;4.0;1;0
314;5/7/2025 12:00;127.8;24.01;45.97;0.00999999999999801;0;146;0;1;0;12;1;166.74;23.84;1;6;2025-05-07 12:00:00;7.05.2025;46.92;47.34;1;1;0;0;0;4.0;1;0
315;5/7/2025 13:00;89.01;23.85;46.27;0.30000000000000426;0;147;0;1;0;13;1;162.56;23.89;0;6;2025-05-07 13:00:00;7.05.2025;46.91;47.42;1;1;0;0;0;4.0;1;0
316;5/7/2025 14:00;81.29;23.67;46.77;0.5;0;148;0;1;0;14;1;151.48;23.9;0;6;2025-05-07 14:00:00;7.05.2025;46.83;46.98;1;1;1;0;0;4.0;1;0
317;5/7/2025 15:00;73.92;23.56;46.72;-0.05000000000000426;0;149;0;1;0;15;1;130.23;23.86;0;6;2025-05-07 15:00:00;7.05.2025;47.08;47.15;1;0;0;0;0;4.0;1;0
318;5/7/2025 16:00;41.01;23.41;46.75;0.030000000000001137;0;150;0;1;0;16;1;102.84;23.76;0;6;2025-05-07 16:00:00;7.05.2025;46.78;46.94;1;1;1;1;0;4.0;1;0
319;5/7/2025 17:00;25.73;23.28;46.88;0.13000000000000256;0;151;0;1;0;17;1;73.13;23.63;0;6;2025-05-07 17:00:00;7.05.2025;47.21;46.98;1;0;1;1;0;4.0;1;0
320;5/7/2025 18:00;30.07;23.34;46.92;0.03999999999999915;0;152;0;1;0;18;1;56.84;23.52;0;6;2025-05-07 18:00:00;7.05.2025;47.34;46.96;1;0;1;1;0;4.0;1;0
321;5/7/2025 19:00;0.0;23.42;46.91;-0.010000000000005116;0;153;0;1;0;19;0;42.0;23.45;0;6;2025-05-07 19:00:00;7.05.2025;47.42;46.8;1;0;1;1;0;4.0;1;0
322;5/7/2025 20:00;0.0;23.34;46.83;-0.0799999999999983;0;154;0;1;0;20;0;28.45;23.39;0;6;2025-05-07 20:00:00;7.05.2025;46.98;46.98;1;1;1;1;0;4.0;1;0
323;5/7/2025 21:00;0.46;23.23;47.08;0.25;0;155;0;1;0;21;0;16.21;23.34;0;6;2025-05-07 21:00:00;7.05.2025;47.15;46.97;0;0;1;1;0;4.0;1;0
324;5/7/2025 22:00;0.0;23.18;46.78;-0.29999999999999716;0;156;0;1;0;22;0;9.38;23.3;0;6;2025-05-07 22:00:00;7.05.2025;46.94;47.16;1;1;0;1;0;4.0;1;0
325;5/7/2025 23:00;0.0;23.14;47.21;0.4299999999999997;0;157;0;1;0;23;0;5.09;23.27;0;6;2025-05-07 23:00:00;7.05.2025;46.98;47.0;0;1;0;1;0;4.0;1;0
326;5/8/2025 0:00;0.0;23.09;47.34;0.13000000000000256;0;158;0;1;0;0;0;0.08;23.23;0;7;2025-05-08 00:00:00;8.05.2025;46.96;46.8;0;1;1;1;0;4.0;1;0
327;5/8/2025 1:00;0.0;23.04;47.42;0.0799999999999983;0;159;0;1;0;1;0;0.08;23.17;0;7;2025-05-08 01:00:00;8.05.2025;46.8;47.13;0;1;0;1;0;4.0;1;0
328;5/8/2025 2:00;0.27;23.01;46.98;-0.44000000000000483;0;160;0;1;0;2;0;0.12;23.11;0;7;2025-05-08 02:00:00;8.05.2025;46.98;46.68;1;1;1;1;0;4.0;1;0
329;5/8/2025 3:00;5.61;22.98;47.15;0.1700000000000017;0;161;0;1;0;3;0;0.98;23.07;0;7;2025-05-08 03:00:00;8.05.2025;46.97;47.21;0;1;0;1;0;4.0;1;0
330;5/8/2025 4:00;15.86;22.96;46.94;-0.21000000000000085;0;162;0;1;0;4;0;3.62;23.04;0;7;2025-05-08 04:00:00;8.05.2025;47.16;46.87;1;0;1;1;0;4.0;1;0
331;5/8/2025 5:00;50.5;22.97;46.98;0.03999999999999915;0;163;0;1;0;5;0;12.04;23.01;0;7;2025-05-08 05:00:00;8.05.2025;47.0;46.72;1;0;1;1;0;4.0;1;0
332;5/8/2025 6:00;118.54;23.03;46.96;-0.01999999999999602;0;164;0;1;0;6;1;31.8;23.0;1;7;2025-05-08 06:00:00;8.05.2025;46.8;46.68;1;1;1;1;0;4.0;1;0
333;5/8/2025 7:00;164.43;23.3;46.8;-0.1600000000000037;0;165;0;1;0;7;1;59.2;23.04;1;7;2025-05-08 07:00:00;8.05.2025;47.13;47.08;1;0;0;1;0;4.0;1;0
334;5/8/2025 8:00;148.84;23.63;46.98;0.17999999999999972;0;166;0;1;0;8;1;83.96;23.14;1;7;2025-05-08 08:00:00;8.05.2025;46.68;47.11;1;1;0;1;0;4.0;1;0
335;5/8/2025 9:00;152.33;23.83;46.97;-0.00999999999999801;0;167;0;1;0;9;1;108.42;23.29;1;7;2025-05-08 09:00:00;8.05.2025;47.21;47.7;1;0;0;1;0;4.0;1;0
336;5/8/2025 10:00;186.66;23.98;47.16;0.18999999999999773;0;168;0;1;0;10;1;136.88;23.46;1;7;2025-05-08 10:00:00;8.05.2025;46.87;47.63;0;1;0;0;0;4.0;1;0
337;5/8/2025 11:00;180.48;24.08;47.0;-0.1599999999999966;0;169;0;1;0;11;1;158.55;23.64;1;7;2025-05-08 11:00:00;8.05.2025;46.72;47.45;0;1;0;0;0;4.0;1;0
338;5/8/2025 12:00;122.46;24.15;46.8;-0.20000000000000284;0;170;0;1;0;12;1;159.2;23.83;1;7;2025-05-08 12:00:00;8.05.2025;46.68;47.29;1;1;0;0;0;4.0;1;0
339;5/8/2025 13:00;98.15;24.16;47.13;0.3300000000000054;0;171;0;1;0;13;1;148.15;23.97;0;7;2025-05-08 13:00:00;8.05.2025;47.08;47.18;0;0;0;0;0;4.0;1;0
340;5/8/2025 14:00;75.8;24.13;46.68;-0.45000000000000284;0;172;0;1;0;14;1;135.98;24.06;0;7;2025-05-08 14:00:00;8.05.2025;47.11;47.21;1;0;0;0;0;4.0;1;0
341;5/8/2025 15:00;27.22;24.1;47.21;0.5300000000000011;0;173;0;1;0;15;1;115.13;24.1;0;7;2025-05-08 15:00:00;8.05.2025;47.7;47.09;0;0;0;1;0;4.0;1;0
342;5/8/2025 16:00;19.35;24.01;46.87;-0.3400000000000034;0;174;0;1;0;16;1;87.24;24.1;0;7;2025-05-08 16:00:00;8.05.2025;47.63;47.5;1;0;0;1;0;4.0;1;0
343;5/8/2025 17:00;4.99;23.98;46.72;-0.14999999999999858;0;175;0;1;0;17;1;58.0;24.09;0;7;2025-05-08 17:00:00;8.05.2025;47.45;47.41;1;0;0;1;0;4.0;1;0
344;5/8/2025 18:00;1.0;23.88;46.68;-0.03999999999999915;0;176;0;1;0;18;1;37.75;24.04;0;7;2025-05-08 18:00:00;8.05.2025;47.29;47.38;1;0;0;1;0;4.0;1;0
345;5/8/2025 19:00;0.26;23.88;47.08;0.3999999999999986;0;177;0;1;0;19;0;21.44;24.0;0;7;2025-05-08 19:00:00;8.05.2025;47.18;47.36;0;0;0;1;0;4.0;1;0
346;5/9/2025 20:00;47.92;23.8;47.11;0.030000000000001137;0;178;0;1;0;20;0;16.79;23.94;0;0;2025-05-09 20:00:00;9.05.2025;47.21;47.23;0;0;0;1;0;4.0;1;0
347;5/9/2025 21:00;25.23;23.81;47.7;0.5900000000000034;0;179;0;1;0;21;0;16.46;23.89;0;0;2025-05-09 21:00:00;9.05.2025;47.09;47.28;0;0;0;1;0;4.0;1;0
348;5/9/2025 22:00;24.08;23.81;47.63;-0.07000000000000028;0;180;0;1;0;22;0;17.25;23.86;0;0;2025-05-09 22:00:00;9.05.2025;47.5;47.4;0;0;0;1;0;4.0;1;0
349;5/9/2025 23:00;0.0;23.78;47.45;-0.17999999999999972;0;181;0;1;0;23;0;16.42;23.83;0;0;2025-05-09 23:00:00;9.05.2025;47.41;47.11;0;0;0;1;0;4.0;1;0
350;5/10/2025 0:00;0.0;23.72;47.29;-0.1600000000000037;0;182;0;1;0;0;0;16.25;23.8;0;6;2025-05-10 00:00:00;10.05.2025;47.38;47.51;0;0;0;1;0;4.0;1;0
351;5/10/2025 1:00;0.0;23.67;47.18;-0.10999999999999943;0;183;0;1;0;1;0;16.21;23.76;0;6;2025-05-10 01:00:00;10.05.2025;47.36;47.23;0;0;0;1;0;4.0;1;0
352;5/10/2025 2:00;0.0;23.61;47.21;0.030000000000001137;0;184;0;1;0;2;0;8.22;23.73;0;6;2025-05-10 02:00:00;10.05.2025;47.23;47.31;0;0;0;1;0;4.0;1;0
353;5/10/2025 3:00;0.77;23.52;47.09;-0.11999999999999744;0;185;0;1;0;3;0;4.14;23.68;0;6;2025-05-10 03:00:00;10.05.2025;47.28;47.56;0;0;0;1;0;4.0;1;0
354;5/10/2025 4:00;3.95;23.45;47.5;0.4099999999999966;0;186;0;1;0;4;0;0.79;23.62;0;6;2025-05-10 04:00:00;10.05.2025;47.4;47.44;0;0;0;1;0;4.0;1;0
355;5/10/2025 5:00;7.79;23.38;47.41;-0.09000000000000341;0;187;0;1;0;5;0;2.09;23.56;0;6;2025-05-10 05:00:00;10.05.2025;47.11;47.33;0;0;0;1;0;4.0;1;0
356;5/10/2025 6:00;33.79;23.33;47.38;-0.02999999999999403;0;188;0;1;0;6;1;7.72;23.49;0;6;2025-05-10 06:00:00;10.05.2025;47.51;47.02;0;0;0;1;0;4.0;1;0
357;5/10/2025 7:00;99.95;23.35;47.36;-0.020000000000003126;0;189;0;1;0;7;1;24.38;23.44;0;6;2025-05-10 07:00:00;10.05.2025;47.23;47.1;0;0;0;1;0;4.0;1;0
358;5/10/2025 8:00;95.19;23.43;47.23;-0.13000000000000256;0;190;0;1;0;8;1;40.24;23.41;0;6;2025-05-10 08:00:00;10.05.2025;47.31;47.29;0;0;0;1;0;4.0;1;0
359;5/10/2025 9:00;120.12;23.53;47.28;0.05000000000000426;0;191;0;1;0;9;1;60.13;23.41;1;6;2025-05-10 09:00:00;10.05.2025;47.56;47.37;0;0;0;1;0;4.0;1;0
360;5/10/2025 10:00;168.19;23.73;47.4;0.11999999999999744;0;192;0;1;0;10;1;87.51;23.46;1;6;2025-05-10 10:00:00;10.05.2025;47.44;46.78;0;0;1;1;0;4.0;1;0
361;5/10/2025 11:00;221.8;23.93;47.11;-0.28999999999999915;0;193;0;1;0;11;1;123.17;23.55;1;6;2025-05-10 11:00:00;10.05.2025;47.33;47.32;0;0;0;0;0;4.0;1;0
362;5/10/2025 12:00;175.41;24.06;47.51;0.3999999999999986;0;194;0;1;0;12;1;146.78;23.67;1;6;2025-05-10 12:00:00;10.05.2025;47.02;46.96;0;0;1;0;0;4.0;1;0
363;5/10/2025 13:00;125.22;24.15;47.23;-0.28000000000000114;0;195;0;1;0;13;1;150.99;23.81;1;6;2025-05-10 13:00:00;10.05.2025;47.1;46.85;0;0;1;0;0;4.0;1;0
364;5/10/2025 14:00;105.45;24.06;47.31;0.0800000000000054;0;196;0;1;0;14;1;152.7;23.91;1;6;2025-05-10 14:00:00;10.05.2025;47.29;47.4;0;0;0;0;0;4.0;1;0
365;5/10/2025 15:00;83.83;23.88;47.56;0.25;0;197;0;1;0;15;1;146.65;23.97;0;6;2025-05-10 15:00:00;10.05.2025;47.37;46.85;0;0;1;0;0;4.0;1;0
366;5/10/2025 16:00;54.6;23.67;47.44;-0.12000000000000455;0;198;0;1;0;16;1;127.72;23.96;0;6;2025-05-10 16:00:00;10.05.2025;46.78;47.07;0;1;0;0;0;4.0;1;0
367;5/10/2025 17:00;18.16;23.52;47.33;-0.10999999999999943;0;199;0;1;0;17;1;93.78;23.89;0;6;2025-05-10 17:00:00;10.05.2025;47.32;47.18;0;0;0;1;0;4.0;1;0
368;5/10/2025 18:00;2.23;23.67;47.02;-0.30999999999999517;0;200;0;1;0;18;1;64.91;23.83;0;6;2025-05-10 18:00:00;10.05.2025;46.96;46.83;0;1;1;1;0;4.0;1;0
369;5/10/2025 19:00;0.19;23.8;47.1;0.0799999999999983;0;201;0;1;0;19;0;44.08;23.77;0;6;2025-05-10 19:00:00;10.05.2025;46.85;46.94;0;1;1;1;0;4.0;1;0
370;5/10/2025 20:00;0.04;23.91;47.29;0.18999999999999773;0;202;0;1;0;20;0;26.51;23.74;0;6;2025-05-10 20:00:00;10.05.2025;47.4;46.97;0;0;1;1;0;4.0;1;0
371;5/10/2025 21:00;0.07;23.97;47.37;0.0799999999999983;0;203;0;1;0;21;0;12.55;23.76;0;6;2025-05-10 21:00:00;10.05.2025;46.85;46.76;0;1;1;1;0;4.0;1;0
372;5/15/2025 11:00;84.78;23.19;46.78;-0.5899999999999963;0;204;0;1;0;11;1;17.58;23.68;0;0;2025-05-15 11:00:00;15.05.2025;47.07;47.07;1;0;0;1;0;4.0;1;0
373;5/15/2025 12:00;61.63;23.37;47.32;0.5399999999999991;0;205;0;1;0;12;1;24.82;23.65;0;0;2025-05-15 12:00:00;15.05.2025;47.18;47.03;0;0;0;1;0;4.0;1;0
374;5/15/2025 13:00;48.08;23.78;46.96;-0.35999999999999943;0;206;0;1;0;13;1;32.46;23.67;0;0;2025-05-15 13:00:00;15.05.2025;46.83;46.9;1;1;1;1;0;4.0;1;0
375;5/15/2025 14:00;38.24;24.0;46.85;-0.10999999999999943;0;207;0;1;0;14;1;38.81;23.7;0;0;2025-05-15 14:00:00;15.05.2025;46.94;47.32;1;1;0;1;0;4.0;1;0
376;5/15/2025 15:00;25.04;24.13;47.4;0.5499999999999972;0;208;0;1;0;15;1;42.97;23.74;0;0;2025-05-15 15:00:00;15.05.2025;46.97;46.79;0;1;1;1;0;4.0;1;0
377;5/15/2025 16:00;9.25;24.06;46.85;-0.5499999999999972;0;209;0;1;0;16;1;44.5;23.76;0;0;2025-05-15 16:00:00;15.05.2025;46.76;47.09;1;1;0;1;0;4.0;1;0
378;5/15/2025 17:00;11.44;23.87;47.07;0.21999999999999886;0;210;0;1;0;17;1;32.28;23.87;0;0;2025-05-15 17:00:00;15.05.2025;47.07;47.27;0;0;0;1;0;4.0;1;0
379;5/15/2025 18:00;2.34;23.84;47.18;0.10999999999999943;0;211;0;1;0;18;1;22.4;23.95;0;0;2025-05-15 18:00:00;15.05.2025;47.03;47.12;0;0;0;1;0;4.0;1;0
380;5/15/2025 19:00;1.46;23.95;46.83;-0.3500000000000014;0;212;0;1;0;19;0;14.63;23.98;0;0;2025-05-15 19:00:00;15.05.2025;46.9;46.99;1;1;1;1;0;4.0;1;0
381;5/15/2025 20:00;1.84;24.01;46.94;0.10999999999999943;0;213;0;1;0;20;0;8.56;23.98;0;0;2025-05-15 20:00:00;15.05.2025;47.32;46.83;1;0;1;1;0;4.0;1;0
382;5/15/2025 21:00;1.8;24.09;46.97;0.030000000000001137;0;214;0;1;0;21;0;4.69;23.97;0;0;2025-05-15 21:00:00;15.05.2025;46.79;47.04;1;1;0;1;0;4.0;1;0
383;5/15/2025 22:00;0.96;24.09;46.76;-0.21000000000000085;0;215;0;1;0;22;0;3.31;23.98;0;0;2025-05-15 22:00:00;15.05.2025;47.09;46.87;1;0;1;1;0;4.0;1;0
384;5/15/2025 23:00;0.0;23.95;47.07;0.3100000000000023;0;216;0;1;0;23;0;1.4;23.99;0;0;2025-05-15 23:00:00;15.05.2025;47.27;46.84;0;0;1;1;0;4.0;1;0
385;5/16/2025 0:00;0.0;23.76;47.03;-0.03999999999999915;0;217;0;1;0;0;0;1.01;23.98;0;5;2025-05-16 00:00:00;16.05.2025;47.12;46.84;0;0;1;1;0;4.0;1;0
386;5/16/2025 1:00;90.28;23.65;46.9;-0.13000000000000256;0;218;0;1;0;1;0;15.81;23.93;0;5;2025-05-16 01:00:00;16.05.2025;46.99;47.06;1;1;0;1;0;4.0;1;0
387;5/16/2025 2:00;8.14;23.69;47.32;0.4200000000000017;0;219;0;1;0;2;0;16.86;23.87;0;5;2025-05-16 02:00:00;16.05.2025;46.83;46.63;0;1;1;1;0;4.0;1;0
388;5/16/2025 3:00;1.53;23.62;46.79;-0.5300000000000011;0;220;0;1;0;3;0;16.82;23.79;0;5;2025-05-16 03:00:00;16.05.2025;47.04;46.85;1;0;1;1;0;4.0;1;0
389;5/16/2025 4:00;7.87;23.54;47.09;0.30000000000000426;0;221;0;1;0;4;0;17.97;23.7;0;5;2025-05-16 04:00:00;16.05.2025;46.87;47.16;0;1;0;1;0;4.0;1;0
390;5/16/2025 5:00;19.66;23.47;47.27;0.17999999999999972;0;222;0;1;0;5;0;21.25;23.62;0;5;2025-05-16 05:00:00;16.05.2025;46.84;46.65;0;1;1;1;0;4.0;1;0
391;5/16/2025 6:00;32.52;23.44;47.12;-0.15000000000000568;0;223;0;1;0;6;1;26.67;23.57;0;5;2025-05-16 06:00:00;16.05.2025;46.84;47.01;0;1;0;1;0;4.0;1;0
392;5/16/2025 7:00;36.86;23.44;46.99;-0.12999999999999545;0;224;0;1;0;7;1;17.77;23.53;0;5;2025-05-16 07:00:00;16.05.2025;47.06;46.99;1;0;1;1;0;4.0;1;0
393;5/16/2025 8:00;88.05;23.48;46.83;-0.1600000000000037;0;225;0;1;0;8;1;31.08;23.5;0;5;2025-05-16 08:00:00;16.05.2025;46.63;47.05;1;1;0;1;0;4.0;1;0
394;5/16/2025 9:00;123.69;23.58;47.04;0.21000000000000085;0;226;0;1;0;9;1;51.44;23.49;1;5;2025-05-16 09:00:00;16.05.2025;46.85;46.74;0;1;1;1;0;4.0;1;0
395;5/16/2025 10:00;124.15;23.72;46.87;-0.1700000000000017;0;227;0;1;0;10;1;70.82;23.52;1;5;2025-05-16 10:00:00;16.05.2025;47.16;47.14;1;0;0;1;0;4.0;1;0
396;5/16/2025 11:00;174.45;23.85;46.84;-0.02999999999999403;0;228;0;1;0;11;1;96.62;23.59;1;5;2025-05-16 11:00:00;16.05.2025;46.65;46.85;1;1;1;1;0;4.0;1;0
397;5/16/2025 12:00;183.74;24.01;46.84;0.0;0;229;0;1;0;12;1;121.82;23.68;1;5;2025-05-16 12:00:00;16.05.2025;47.01;47.0;1;0;0;0;0;4.0;1;0
398;5/16/2025 13:00;139.7;24.08;47.06;0.21999999999999886;0;230;0;1;0;13;1;138.96;23.79;1;5;2025-05-16 13:00:00;16.05.2025;46.99;46.84;0;1;1;0;0;4.0;1;0
399;5/16/2025 14:00;73.08;24.11;46.63;-0.4299999999999997;0;231;0;1;0;14;1;136.47;23.89;0;5;2025-05-16 14:00:00;16.05.2025;47.05;46.89;1;0;1;0;0;4.0;1;0
400;5/16/2025 15:00;28.72;24.11;46.85;0.21999999999999886;0;232;0;1;0;15;1;120.64;23.98;0;5;2025-05-16 15:00:00;16.05.2025;46.74;47.02;1;1;0;0;0;4.0;1;0
401;5/16/2025 16:00;26.8;24.04;47.16;0.30999999999999517;0;233;0;1;0;16;1;104.42;24.03;0;5;2025-05-16 16:00:00;16.05.2025;47.14;46.83;0;0;1;1;0;4.0;1;0
402;5/16/2025 17:00;7.26;24.02;46.65;-0.509999999999998;0;234;0;1;0;17;1;76.55;24.06;0;5;2025-05-16 17:00:00;16.05.2025;46.85;46.91;1;1;1;1;0;4.0;1;0
403;5/16/2025 18:00;1.03;23.99;47.01;0.35999999999999943;0;235;0;1;0;18;1;46.1;24.06;0;5;2025-05-16 18:00:00;16.05.2025;47.0;47.25;0;0;0;1;0;4.0;1;0
404;5/16/2025 19:00;0.0;23.94;46.99;-0.01999999999999602;0;236;0;1;0;19;0;22.82;24.04;0;5;2025-05-16 19:00:00;16.05.2025;46.84;46.77;1;1;1;1;0;4.0;1;0
405;5/16/2025 20:00;0.0;23.81;47.05;0.05999999999999517;0;237;0;1;0;20;0;10.64;23.99;0;5;2025-05-16 20:00:00;16.05.2025;46.89;46.52;0;1;1;1;0;4.0;1;0
406;5/16/2025 21:00;0.0;23.67;46.74;-0.30999999999999517;0;238;0;1;0;21;0;5.85;23.91;0;5;2025-05-16 21:00:00;16.05.2025;47.02;46.75;1;0;1;1;0;4.0;1;0
407;5/16/2025 22:00;0.0;23.56;47.14;0.3999999999999986;0;239;0;1;0;22;0;1.38;23.83;0;5;2025-05-16 22:00:00;16.05.2025;46.83;46.8;0;1;1;1;0;4.0;1;0
408;5/16/2025 23:00;0.0;23.45;46.85;-0.28999999999999915;0;240;0;1;0;23;0;0.17;23.74;0;5;2025-05-16 23:00:00;16.05.2025;46.91;46.61;1;1;1;1;0;4.0;1;0
409;5/17/2025 0:00;0.0;23.37;47.0;0.14999999999999858;0;241;0;1;0;0;0;0.0;23.63;0;5;2025-05-17 00:00:00;17.05.2025;47.25;46.91;0;0;1;1;0;4.0;1;0
410;5/17/2025 1:00;0.0;23.32;46.84;-0.1599999999999966;0;242;0;1;0;1;0;0.0;23.53;0;5;2025-05-17 01:00:00;17.05.2025;46.77;46.95;1;1;1;1;0;4.0;1;0
411;5/17/2025 2:00;0.12;23.28;46.89;0.04999999999999716;0;243;0;1;0;2;0;0.02;23.44;0;5;2025-05-17 02:00:00;17.05.2025;46.52;46.85;1;1;1;1;0;4.0;1;0
412;5/17/2025 3:00;5.11;23.24;47.02;0.13000000000000256;0;244;0;1;0;3;0;0.87;23.37;0;5;2025-05-17 03:00:00;17.05.2025;46.75;46.79;0;1;1;1;0;4.0;1;0
413;5/17/2025 4:00;13.75;23.23;46.83;-0.19000000000000483;0;245;0;1;0;4;0;3.16;23.31;0;5;2025-05-17 04:00:00;17.05.2025;46.8;46.65;1;1;1;1;0;4.0;1;0
414;5/17/2025 5:00;19.97;23.2;46.91;0.0799999999999983;0;246;0;1;0;5;0;6.49;23.27;0;5;2025-05-17 05:00:00;17.05.2025;46.61;46.88;1;1;1;1;0;4.0;1;0
415;5/17/2025 6:00;36.79;23.21;47.25;0.3400000000000034;0;247;0;1;0;6;1;12.62;23.25;0;5;2025-05-17 06:00:00;17.05.2025;46.91;46.92;0;1;1;1;0;4.0;1;0
416;5/17/2025 7:00;77.61;23.21;46.77;-0.4799999999999969;0;248;0;1;0;7;1;25.55;23.23;0;5;2025-05-17 07:00:00;17.05.2025;46.95;47.05;1;1;0;1;0;4.0;1;0
417;5/17/2025 8:00;94.66;23.28;46.52;-0.25;0;249;0;1;0;8;1;41.31;23.23;0;5;2025-05-17 08:00:00;17.05.2025;46.85;46.87;1;1;1;1;0;4.0;1;0
418;5/17/2025 9:00;104.56;23.34;46.75;0.22999999999999687;0;250;0;1;0;9;1;57.89;23.24;1;5;2025-05-17 09:00:00;17.05.2025;46.79;46.91;1;1;1;1;0;4.0;1;0
419;5/17/2025 10:00;130.52;23.4;46.8;0.04999999999999716;0;251;0;1;0;10;1;77.35;23.27;1;5;2025-05-17 10:00:00;17.05.2025;46.65;47.14;1;1;0;1;0;4.0;1;0
420;5/17/2025 11:00;151.33;23.18;46.61;-0.18999999999999773;0;252;0;1;0;11;1;99.24;23.27;1;5;2025-05-17 11:00:00;17.05.2025;46.88;46.53;1;1;1;1;0;4.0;1;0
421;5/17/2025 12:00;109.67;23.3;46.91;0.29999999999999716;0;253;0;1;0;12;1;111.39;23.29;1;5;2025-05-17 12:00:00;17.05.2025;46.92;46.77;1;1;1;1;0;4.0;1;0
422;5/17/2025 13:00;121.54;23.56;46.95;0.04000000000000625;0;254;0;1;0;13;1;118.71;23.34;1;5;2025-05-17 13:00:00;17.05.2025;47.05;46.54;1;0;1;1;0;4.0;1;0
423;5/17/2025 14:00;65.89;23.76;46.85;-0.10000000000000142;0;255;0;1;0;14;1;113.92;23.43;0;5;2025-05-17 14:00:00;17.05.2025;46.87;47.05;1;1;0;1;0;4.0;1;0
424;5/17/2025 15:00;42.05;23.85;46.79;-0.060000000000002274;0;256;0;1;0;15;1;103.5;23.51;0;5;2025-05-17 15:00:00;17.05.2025;46.91;46.82;1;1;1;1;0;4.0;1;0
425;5/17/2025 16:00;30.99;23.89;46.65;-0.14000000000000057;0;257;0;1;0;16;1;86.91;23.59;0;5;2025-05-17 16:00:00;17.05.2025;47.14;47.19;1;0;0;1;0;4.0;1;0
426;5/17/2025 17:00;7.29;23.72;46.88;0.23000000000000398;0;258;0;1;0;17;1;62.91;23.68;0;5;2025-05-17 17:00:00;17.05.2025;46.53;46.91;1;1;1;1;0;4.0;1;0
427;5/17/2025 18:00;0.23;23.52;46.92;0.03999999999999915;0;259;0;1;0;18;1;44.67;23.72;0;5;2025-05-17 18:00:00;17.05.2025;46.77;46.8;1;1;1;1;0;4.0;1;0
428;5/17/2025 19:00;0.0;23.34;47.05;0.12999999999999545;0;260;0;1;0;19;0;24.41;23.68;0;5;2025-05-17 19:00:00;17.05.2025;46.54;47.03;0;1;0;1;0;4.0;1;0
429;5/17/2025 20:00;0.0;23.22;46.87;-0.17999999999999972;0;261;0;1;0;20;0;13.43;23.59;0;5;2025-05-17 20:00:00;17.05.2025;47.05;46.8;1;0;1;1;0;4.0;1;0
430;5/17/2025 21:00;0.0;23.16;46.91;0.03999999999999915;0;262;0;1;0;21;0;6.42;23.47;0;5;2025-05-17 21:00:00;17.05.2025;46.82;47.09;1;1;0;1;0;4.0;1;0
431;5/17/2025 22:00;0.0;23.13;47.14;0.23000000000000398;0;263;0;1;0;22;0;1.25;23.35;0;5;2025-05-17 22:00:00;17.05.2025;47.19;46.68;0;0;1;1;0;4.0;1;0
432;5/17/2025 23:00;0.23;23.09;46.53;-0.6099999999999994;0;264;0;1;0;23;0;0.08;23.24;0;5;2025-05-17 23:00:00;17.05.2025;46.91;46.9;1;1;1;1;0;4.0;1;0
433;5/18/2025 0:00;1.03;23.1;46.77;0.240000000000002;0;265;0;1;0;0;0;0.21;23.17;0;7;2025-05-18 00:00:00;18.05.2025;46.8;46.91;1;1;1;1;0;4.0;1;0
434;5/18/2025 1:00;0.0;23.19;46.54;-0.23000000000000398;0;266;0;1;0;1;0;0.21;23.15;0;7;2025-05-18 01:00:00;18.05.2025;47.03;46.76;1;0;1;1;0;4.0;1;0
435;5/18/2025 2:00;0.88;23.24;47.05;0.509999999999998;0;267;0;1;0;2;0;0.36;23.15;0;7;2025-05-18 02:00:00;18.05.2025;46.8;46.65;0;1;1;1;0;4.0;1;0
436;5/18/2025 3:00;12.25;23.27;46.82;-0.22999999999999687;0;268;0;1;0;3;0;2.4;23.17;0;7;2025-05-18 03:00:00;18.05.2025;47.09;47.8;1;0;0;1;0;4.0;1;0
437;5/18/2025 4:00;45.2;23.28;47.19;0.36999999999999744;0;269;0;1;0;4;0;9.93;23.2;0;7;2025-05-18 04:00:00;18.05.2025;46.68;48.06;0;1;0;1;0;4.0;1;0
438;5/18/2025 5:00;73.23;23.33;46.91;-0.28000000000000114;0;270;0;1;0;5;0;22.1;23.23;0;7;2025-05-18 05:00:00;18.05.2025;46.9;47.8;1;1;0;1;0;4.0;1;0
439;5/18/2025 6:00;91.16;23.38;46.8;-0.10999999999999943;0;271;0;1;0;6;1;37.12;23.28;0;7;2025-05-18 06:00:00;18.05.2025;46.91;48.07;1;1;0;1;0;4.0;1;0
440;5/18/2025 7:00;133.21;23.45;47.03;0.23000000000000398;0;272;0;1;0;7;1;59.32;23.32;1;7;2025-05-18 07:00:00;18.05.2025;46.76;47.71;0;1;0;1;0;4.0;1;0
441;5/18/2025 8:00;153.45;23.53;46.8;-0.23000000000000398;0;273;0;1;0;8;1;84.75;23.37;1;7;2025-05-18 08:00:00;18.05.2025;46.65;47.69;1;1;0;1;0;4.0;1;0
442;5/18/2025 9:00;218.92;23.65;47.09;0.29000000000000625;0;274;0;1;0;9;1;119.19;23.44;1;7;2025-05-18 09:00:00;18.05.2025;47.8;47.55;0;0;0;1;0;4.0;1;0
443;5/18/2025 10:00;219.8;23.77;46.68;-0.4100000000000037;0;275;0;1;0;10;1;148.29;23.52;1;7;2025-05-18 10:00:00;18.05.2025;48.06;47.82;1;0;0;0;0;4.0;1;0
444;5/18/2025 11:00;225.18;23.64;46.9;0.21999999999999886;0;276;0;1;0;11;1;173.62;23.57;1;7;2025-05-18 11:00:00;18.05.2025;47.8;47.88;1;0;0;0;0;4.0;1;0
445;5/18/2025 12:00;167.77;23.59;46.91;0.00999999999999801;0;277;0;1;0;12;1;186.39;23.61;1;7;2025-05-18 12:00:00;18.05.2025;48.07;47.59;1;0;0;0;0;4.0;1;0
446;5/18/2025 13:00;120.04;23.84;46.76;-0.14999999999999858;0;278;0;1;0;13;1;184.19;23.67;1;7;2025-05-18 13:00:00;18.05.2025;47.71;47.54;1;0;0;0;0;4.0;1;0
447;5/18/2025 14:00;97.56;23.9;46.65;-0.10999999999999943;0;279;0;1;0;14;1;174.88;23.73;0;7;2025-05-18 14:00:00;18.05.2025;47.69;47.52;1;0;0;0;0;4.0;1;0
448;5/18/2025 15:00;78.26;23.59;47.8;1.1499999999999986;0;280;0;1;0;15;1;151.43;23.72;0;7;2025-05-18 15:00:00;18.05.2025;47.55;47.76;0;0;0;0;0;4.0;1;0
449;5/18/2025 16:00;62.28;23.51;48.06;0.2600000000000051;0;281;0;1;0;16;1;125.18;23.68;0;7;2025-05-18 16:00:00;18.05.2025;47.82;47.83;0;0;0;0;0;4.0;1;0
450;5/18/2025 17:00;36.48;23.48;47.8;-0.2600000000000051;0;282;0;1;0;17;1;93.73;23.65;0;7;2025-05-18 17:00:00;18.05.2025;47.88;47.68;0;0;0;1;0;4.0;1;0
451;5/18/2025 18:00;9.06;23.53;48.07;0.2700000000000031;0;283;0;1;0;18;1;67.28;23.64;0;7;2025-05-18 18:00:00;18.05.2025;47.59;47.64;0;0;0;1;0;4.0;1;0
452;5/18/2025 19:00;0.12;23.51;47.71;-0.35999999999999943;0;284;0;1;0;19;0;47.29;23.59;0;7;2025-05-18 19:00:00;18.05.2025;47.54;47.74;0;0;0;1;0;4.0;1;0
453;5/18/2025 20:00;0.61;23.33;47.69;-0.020000000000003126;0;285;0;1;0;20;0;31.14;23.49;0;7;2025-05-18 20:00:00;18.05.2025;47.52;55.21;0;0;0;1;0;4.0;1;0
454;5/18/2025 21:00;1.84;23.27;47.55;-0.14000000000000057;0;286;0;1;0;21;0;18.4;23.44;0;7;2025-05-18 21:00:00;18.05.2025;47.76;54.48;0;0;0;1;0;4.0;1;0
455;5/18/2025 22:00;1.65;23.27;47.82;0.2700000000000031;0;287;0;1;0;22;0;8.29;23.4;0;7;2025-05-18 22:00:00;18.05.2025;47.83;54.2;0;0;0;1;0;4.0;1;0
456;5/18/2025 23:00;0.0;23.26;47.88;0.060000000000002274;0;288;0;1;0;23;0;2.21;23.36;0;7;2025-05-18 23:00:00;18.05.2025;47.68;54.38;0;0;0;1;0;4.0;1;0
457;5/19/2025 0:00;0.0;23.25;47.59;-0.28999999999999915;0;289;0;1;0;0;0;0.7;23.32;0;0;2025-05-19 00:00:00;19.05.2025;47.64;54.23;0;0;0;1;0;4.0;1;0
458;5/19/2025 1:00;0.0;23.19;47.54;-0.05000000000000426;0;290;0;1;0;1;0;0.68;23.26;0;0;2025-05-19 01:00:00;19.05.2025;47.74;54.01;0;0;0;1;0;4.0;1;0
459;5/19/2025 2:00;0.15;23.15;47.52;-0.01999999999999602;0;291;0;1;0;2;0;0.61;23.23;0;0;2025-05-19 02:00:00;19.05.2025;55.21;54.16;0;0;0;1;0;4.0;1;0
460;5/19/2025 3:00;5.07;23.12;47.76;0.23999999999999488;0;292;0;1;0;3;0;1.14;23.21;0;0;2025-05-19 03:00:00;19.05.2025;54.48;53.73;0;0;0;1;0;4.0;1;0
461;5/19/2025 4:00;36.21;23.11;47.83;0.07000000000000028;0;293;0;1;0;4;0;6.91;23.18;0;0;2025-05-19 04:00:00;19.05.2025;54.2;53.59;0;0;0;1;0;4.0;1;0
462;5/19/2025 5:00;56.52;23.14;47.68;-0.14999999999999858;0;294;0;1;0;5;0;16.33;23.16;0;0;2025-05-19 05:00:00;19.05.2025;54.38;53.54;0;0;0;1;0;4.0;1;0
463;5/19/2025 6:00;43.85;23.18;47.64;-0.03999999999999915;0;295;0;1;0;6;1;23.64;23.15;0;0;2025-05-19 06:00:00;19.05.2025;54.23;53.54;0;0;0;1;0;4.0;1;0
464;5/19/2025 7:00;31.14;23.28;47.74;0.10000000000000142;0;296;0;1;0;7;1;28.83;23.16;0;0;2025-05-19 07:00:00;19.05.2025;54.01;53.34;0;0;0;1;0;4.0;1;0
465;5/19/2025 9:00;36.4;23.48;55.21;7.469999999999999;1;0;0;0;1;9;1;39.0;23.26;0;0;2025-05-19 09:00:00;19.05.2025;54.16;53.5;0;0;0;1;0;4.0;1;0
466;5/19/2025 10:00;37.9;23.63;54.48;-0.730000000000004;0;1;0;0;0;10;1;39.28;23.34;0;0;2025-05-19 10:00:00;19.05.2025;53.73;53.43;0;0;0;1;0;4.0;1;0
467;5/19/2025 11:00;30.49;23.73;54.2;-0.27999999999999403;0;2;0;0;0;11;1;34.94;23.44;0;0;2025-05-19 11:00:00;19.05.2025;53.59;53.61;0;0;0;1;0;4.0;1;0
468;5/19/2025 12:00;34.06;23.75;54.38;0.17999999999999972;0;3;0;0;0;12;1;33.31;23.54;0;0;2025-05-19 12:00:00;19.05.2025;53.54;53.01;0;0;0;1;0;4.0;1;0
469;5/19/2025 13:00;50.07;23.7;54.23;-0.15000000000000568;0;4;0;0;0;13;1;36.47;23.61;0;0;2025-05-19 13:00:00;19.05.2025;53.54;52.62;0;0;0;1;0;4.0;1;0
470;5/19/2025 14:00;38.71;23.69;54.01;-0.21999999999999886;0;5;0;0;0;14;1;37.94;23.66;0;0;2025-05-19 14:00:00;19.05.2025;53.34;51.22;0;0;0;1;0;4.0;1;0
471;5/19/2025 15:00;39.09;23.75;54.16;0.14999999999999858;0;6;0;0;0;15;1;38.39;23.71;0;0;2025-05-19 15:00:00;19.05.2025;53.5;50.83;0;0;0;1;0;4.0;1;0
472;5/19/2025 16:00;53.99;23.89;53.73;-0.4299999999999997;0;7;0;0;0;16;1;41.07;23.75;0;0;2025-05-19 16:00:00;19.05.2025;53.43;50.36;0;0;0;1;0;4.0;1;0
473;5/19/2025 17:00;16.32;23.96;53.59;-0.13999999999999346;0;8;0;0;0;17;1;38.71;23.79;0;0;2025-05-19 17:00:00;19.05.2025;53.61;50.26;0;0;0;1;0;4.0;1;0
474;5/19/2025 18:00;2.53;23.99;53.54;-0.05000000000000426;0;9;0;0;0;18;1;33.45;23.83;0;0;2025-05-19 18:00:00;19.05.2025;53.01;49.68;0;0;0;1;0;4.0;1;0
475;5/19/2025 19:00;75.61;24.05;53.54;0.0;1;0;0;0;1;19;0;37.71;23.89;0;0;2025-05-19 19:00:00;19.05.2025;52.62;49.0;0;0;0;1;0;4.0;1;0
476;5/19/2025 20:00;98.15;24.09;53.34;-0.19999999999999574;0;11;0;0;0;20;0;47.62;23.95;0;0;2025-05-19 20:00:00;19.05.2025;51.22;49.03;0;0;0;1;0;4.0;1;0
477;5/19/2025 21:00;73.65;23.93;53.5;0.1599999999999966;0;12;0;0;0;21;0;53.38;23.98;0;0;2025-05-19 21:00:00;19.05.2025;50.83;49.0;0;0;0;1;0;4.0;1;0
478;5/19/2025 22:00;0.0;23.82;53.43;-0.07000000000000028;0;13;0;0;0;22;0;44.38;23.97;0;0;2025-05-19 22:00:00;19.05.2025;50.36;49.2;0;0;0;1;0;4.0;1;0
479;5/19/2025 23:00;0.0;23.72;53.61;0.17999999999999972;0;14;0;0;0;23;0;41.66;23.93;0;0;2025-05-19 23:00:00;19.05.2025;50.26;48.87;0;0;0;1;0;4.0;1;0
480;5/20/2025 0:00;0.0;23.63;53.01;-0.6000000000000014;0;15;0;0;0;0;0;41.23;23.87;0;8;2025-05-20 00:00:00;20.05.2025;49.68;49.21;0;0;0;1;0;4.0;1;0
481;5/20/2025 1:00;0.0;23.53;52.62;-0.39000000000000057;0;16;0;0;0;1;0;28.63;23.79;0;8;2025-05-20 01:00:00;20.05.2025;49.0;48.86;0;0;0;1;0;4.0;1;0
482;5/20/2025 2:00;3.3;23.45;51.22;-1.3999999999999986;0;17;0;0;0;2;0;12.83;23.68;0;8;2025-05-20 02:00:00;20.05.2025;49.03;48.65;0;0;0;1;0;4.0;1;0
483;5/20/2025 3:00;29.8;23.4;50.83;-0.39000000000000057;0;18;0;0;0;3;0;5.52;23.59;0;8;2025-05-20 03:00:00;20.05.2025;49.0;48.83;0;0;0;1;0;4.0;1;0
484;5/20/2025 4:00;68.08;23.39;50.36;-0.46999999999999886;0;19;0;0;0;4;0;16.86;23.52;0;8;2025-05-20 04:00:00;20.05.2025;49.2;48.67;0;0;0;1;0;4.0;1;0
485;5/20/2025 5:00;106.52;23.44;50.26;-0.10000000000000142;0;20;0;0;0;5;0;34.62;23.47;0;8;2025-05-20 05:00:00;20.05.2025;48.87;48.83;0;0;0;1;0;4.0;1;0
486;5/20/2025 6:00;125.61;23.53;49.68;-0.5799999999999983;0;21;0;0;0;6;1;55.55;23.46;1;8;2025-05-20 06:00:00;20.05.2025;49.21;48.82;0;0;0;1;0;4.0;1;0
487;5/20/2025 7:00;146.3;23.65;49.0;-0.6799999999999997;0;22;0;0;0;7;1;79.94;23.48;1;8;2025-05-20 07:00:00;20.05.2025;48.86;48.65;0;0;0;1;0;4.0;1;0
488;5/20/2025 8:00;159.82;23.92;49.03;0.030000000000001137;0;23;0;0;0;8;1;106.02;23.56;1;8;2025-05-20 08:00:00;20.05.2025;48.65;48.81;0;0;0;1;0;4.0;1;0
489;5/20/2025 9:00;171.26;24.22;49.0;-0.030000000000001137;0;24;0;0;0;9;1;129.6;23.69;1;8;2025-05-20 09:00:00;20.05.2025;48.83;48.75;0;0;0;0;0;4.0;1;0
490;5/20/2025 10:00;196.88;24.35;49.2;0.20000000000000284;0;25;0;0;0;10;1;151.07;23.85;1;8;2025-05-20 10:00:00;20.05.2025;48.67;49.03;0;0;0;0;0;4.0;1;0
491;5/20/2025 11:00;194.0;24.38;48.87;-0.3300000000000054;0;26;0;0;0;11;1;165.64;24.01;1;8;2025-05-20 11:00:00;20.05.2025;48.83;48.89;0;0;0;0;0;4.0;1;0
492;5/20/2025 12:00;162.05;24.43;49.21;0.3400000000000034;0;27;0;0;0;12;1;171.72;24.16;1;8;2025-05-20 12:00:00;20.05.2025;48.82;48.92;0;0;0;0;0;4.0;1;0
493;5/20/2025 13:00;131.21;24.43;48.86;-0.3500000000000014;0;28;0;0;0;13;1;169.2;24.29;1;8;2025-05-20 13:00:00;20.05.2025;48.65;48.95;0;0;0;0;0;4.0;1;0
494;5/20/2025 14:00;65.74;24.44;48.65;-0.21000000000000085;0;29;0;0;0;14;1;153.52;24.38;0;8;2025-05-20 14:00:00;20.05.2025;48.81;48.6;0;0;0;0;0;4.0;1;0
495;5/20/2025 15:00;46.43;24.39;48.83;0.17999999999999972;0;30;0;0;0;15;1;132.72;24.4;0;8;2025-05-20 15:00:00;20.05.2025;48.75;48.9;0;0;0;0;0;4.0;1;0
496;5/20/2025 16:00;38.21;24.22;48.67;-0.1599999999999966;0;31;0;0;0;16;1;106.27;24.38;0;8;2025-05-20 16:00:00;20.05.2025;49.03;48.41;0;0;0;1;0;4.0;1;0
497;5/20/2025 17:00;25.5;24.03;48.83;0.1599999999999966;0;32;0;0;0;17;1;78.19;24.32;0;8;2025-05-20 17:00:00;20.05.2025;48.89;48.77;0;0;0;1;0;4.0;1;0
498;5/20/2025 18:00;7.53;23.86;48.82;-0.00999999999999801;0;33;0;0;0;18;1;52.43;24.23;0;8;2025-05-20 18:00:00;20.05.2025;48.92;48.77;0;0;0;1;0;4.0;1;0
499;5/20/2025 19:00;29.91;23.69;48.65;-0.1700000000000017;0;34;0;0;0;19;0;35.55;24.1;0;8;2025-05-20 19:00:00;20.05.2025;48.95;48.64;0;0;0;1;0;4.0;1;0
500;5/20/2025 20:00;105.45;23.65;48.81;0.1600000000000037;0;35;0;0;0;20;0;42.17;23.97;0;8;2025-05-20 20:00:00;20.05.2025;48.6;48.82;0;0;0;1;0;4.0;1;0
501;5/20/2025 21:00;57.45;23.81;48.75;-0.060000000000002274;0;36;0;0;0;21;0;44.01;23.88;0;8;2025-05-20 21:00:00;20.05.2025;48.9;48.9;0;0;0;1;0;4.0;1;0
502;5/20/2025 22:00;0.0;23.85;49.03;0.28000000000000114;0;37;0;0;0;22;0;37.64;23.81;0;8;2025-05-20 22:00:00;20.05.2025;48.41;48.08;0;0;0;1;0;4.0;1;0
503;5/20/2025 23:00;0.0;23.82;48.89;-0.14000000000000057;0;38;0;0;0;23;0;33.39;23.78;0;8;2025-05-20 23:00:00;20.05.2025;48.77;48.03;0;0;0;1;0;4.0;1;0
504;5/21/2025 0:00;0.0;23.78;48.92;0.030000000000001137;0;39;0;0;0;0;0;32.13;23.77;0;6;2025-05-21 00:00:00;21.05.2025;48.77;48.29;0;0;0;1;0;4.0;1;0
505;5/21/2025 1:00;0.0;23.69;48.95;0.030000000000001137;0;40;0;0;0;1;0;27.15;23.77;0;6;2025-05-21 01:00:00;21.05.2025;48.64;48.07;0;0;0;1;0;4.0;1;0
506;5/21/2025 2:00;2.53;23.63;48.6;-0.3500000000000014;0;41;0;0;0;2;0;10.0;23.76;0;6;2025-05-21 02:00:00;21.05.2025;48.82;48.15;0;0;0;1;0;4.0;1;0
507;5/21/2025 3:00;20.58;23.57;48.9;0.29999999999999716;0;42;0;0;0;3;0;3.85;23.72;0;6;2025-05-21 03:00:00;21.05.2025;48.9;48.32;0;0;0;1;0;4.0;1;0
508;5/21/2025 4:00;49.0;23.54;48.41;-0.490000000000002;0;43;0;0;0;4;0;12.02;23.67;0;6;2025-05-21 04:00:00;21.05.2025;48.08;48.03;0;0;0;1;0;4.0;1;0
509;5/21/2025 5:00;80.76;23.57;48.77;0.36000000000000654;0;44;0;0;0;5;0;25.48;23.63;0;6;2025-05-21 05:00:00;21.05.2025;48.03;47.98;0;0;0;1;0;4.0;1;0
510;5/21/2025 6:00;100.68;23.64;48.77;0.0;0;45;1;0;0;6;1;42.26;23.61;1;6;2025-05-21 06:00:00;21.05.2025;48.29;48.04;0;0;0;1;0;4.0;1;0
511;5/21/2025 7:00;119.65;23.76;48.64;-0.13000000000000256;0;46;0;0;0;7;1;62.2;23.62;1;6;2025-05-21 07:00:00;21.05.2025;48.07;48.18;0;0;0;1;0;4.0;1;0
512;5/21/2025 8:00;131.79;24.01;48.82;0.17999999999999972;0;47;0;0;0;8;1;83.74;23.68;1;6;2025-05-21 08:00:00;21.05.2025;48.15;47.71;0;0;0;1;0;4.0;1;0
513;5/21/2025 9:00;145.65;24.05;48.9;0.0799999999999983;0;48;0;0;0;9;1;104.59;23.76;1;6;2025-05-21 09:00:00;21.05.2025;48.32;48.0;0;0;0;1;0;4.0;1;0
514;5/21/2025 10:00;134.21;24.03;48.08;-0.8200000000000003;0;49;0;0;0;10;1;118.79;23.84;1;6;2025-05-21 10:00:00;21.05.2025;48.03;48.04;0;0;0;1;0;4.0;1;0
515;5/21/2025 11:00;128.1;24.22;48.03;-0.04999999999999716;0;50;0;0;0;11;1;126.68;23.95;1;6;2025-05-21 11:00:00;21.05.2025;47.98;47.87;0;0;0;0;0;4.0;1;0
516;5/21/2025 12:00;93.85;24.25;48.29;0.259999999999998;0;51;0;0;0;12;1;125.54;24.05;0;6;2025-05-21 12:00:00;21.05.2025;48.04;47.71;0;0;0;0;0;4.0;1;0
517;5/21/2025 13:00;77.3;24.17;48.07;-0.21999999999999886;0;52;0;0;0;13;1;118.48;24.12;0;6;2025-05-21 13:00:00;21.05.2025;48.18;47.73;0;0;0;1;0;4.0;1;0
518;5/21/2025 14:00;73.88;24.04;48.15;0.0799999999999983;0;53;0;0;0;14;1;108.83;24.13;0;6;2025-05-21 14:00:00;21.05.2025;47.71;48.05;0;0;0;1;0;4.0;1;0
519;5/21/2025 15:00;53.03;23.93;48.32;0.1700000000000017;0;54;0;0;0;15;1;93.4;24.11;0;6;2025-05-21 15:00:00;21.05.2025;48.0;47.83;0;0;0;1;0;4.0;1;0
520;5/21/2025 16:00;38.36;23.8;48.03;-0.28999999999999915;0;55;0;0;0;16;1;77.42;24.07;0;6;2025-05-21 16:00:00;21.05.2025;48.04;48.0;0;0;0;1;0;4.0;1;0
521;5/21/2025 17:00;23.08;23.66;47.98;-0.05000000000000426;0;56;0;0;0;17;1;59.92;23.98;0;6;2025-05-21 17:00:00;21.05.2025;47.87;47.76;0;0;0;1;0;4.0;1;0
522;5/21/2025 18:00;6.83;23.5;48.04;0.060000000000002274;0;57;0;0;0;18;1;45.41;23.85;0;6;2025-05-21 18:00:00;21.05.2025;47.71;48.26;0;0;0;1;0;4.0;1;0
523;5/21/2025 19:00;9.37;23.34;48.18;0.14000000000000057;0;58;0;0;0;19;0;34.09;23.71;0;6;2025-05-21 19:00:00;21.05.2025;47.73;47.91;0;0;0;1;0;4.0;1;0
524;5/21/2025 20:00;99.26;23.31;47.71;-0.46999999999999886;0;59;0;0;0;20;0;38.32;23.59;0;6;2025-05-21 20:00:00;21.05.2025;48.05;48.03;0;0;0;1;0;4.0;1;0
525;5/21/2025 21:00;8.18;23.51;48.0;0.28999999999999915;0;60;0;0;0;21;0;30.85;23.52;0;6;2025-05-21 21:00:00;21.05.2025;47.83;48.11;0;0;0;1;0;4.0;1;0
526;5/21/2025 22:00;0.0;23.55;48.04;0.03999999999999915;0;61;0;0;0;22;0;24.45;23.48;0;6;2025-05-21 22:00:00;21.05.2025;48.0;48.03;0;0;0;1;0;4.0;1;0
527;5/21/2025 23:00;0.0;23.53;47.87;-0.1700000000000017;0;62;0;0;0;23;0;20.61;23.46;0;6;2025-05-21 23:00:00;21.05.2025;47.76;47.95;0;0;0;1;0;4.0;1;0
528;5/22/2025 0:00;0.0;23.49;47.71;-0.1599999999999966;0;63;0;0;0;0;0;19.47;23.46;0;5;2025-05-22 00:00:00;22.05.2025;48.26;47.92;0;0;0;1;0;4.0;1;0
529;5/22/2025 1:00;0.0;23.44;47.73;0.01999999999999602;0;64;0;0;0;1;0;17.91;23.47;0;5;2025-05-22 01:00:00;22.05.2025;47.91;47.85;0;0;0;1;0;4.0;1;0
530;5/22/2025 2:00;2.0;23.39;48.05;0.3200000000000003;0;65;0;0;0;2;0;1.7;23.49;0;5;2025-05-22 02:00:00;22.05.2025;48.03;48.01;0;0;0;1;0;4.0;1;0
531;5/22/2025 3:00;11.41;23.36;47.83;-0.21999999999999886;0;66;0;0;0;3;0;2.23;23.46;0;5;2025-05-22 03:00:00;22.05.2025;48.11;47.79;0;0;0;1;0;4.0;1;0
532;5/22/2025 4:00;33.41;23.34;48.0;0.1700000000000017;0;67;0;0;0;4;0;7.8;23.43;0;5;2025-05-22 04:00:00;22.05.2025;48.03;48.26;0;0;0;1;0;4.0;1;0
533;5/22/2025 5:00;54.84;23.37;47.76;-0.240000000000002;0;68;0;0;0;5;0;16.94;23.4;0;5;2025-05-22 05:00:00;22.05.2025;47.95;47.66;0;0;0;1;0;4.0;1;0
534;5/22/2025 6:00;76.34;23.43;48.26;0.5;0;69;0;0;0;6;1;29.66;23.39;0;5;2025-05-22 06:00:00;22.05.2025;47.92;47.93;0;0;0;1;0;4.0;1;0
535;5/22/2025 7:00;87.48;23.52;47.91;-0.3500000000000014;0;70;0;0;0;7;1;44.24;23.4;0;5;2025-05-22 07:00:00;22.05.2025;47.85;47.77;0;0;0;1;0;4.0;1;0
536;5/22/2025 8:00;105.18;23.72;48.03;0.12000000000000455;0;71;0;0;0;8;1;61.44;23.46;1;5;2025-05-22 08:00:00;22.05.2025;48.01;47.87;0;0;0;1;0;4.0;1;0
537;5/22/2025 9:00;156.4;23.85;48.11;0.0799999999999983;0;72;0;1;0;9;1;85.61;23.54;1;5;2025-05-22 09:00:00;22.05.2025;47.79;48.13;0;0;0;1;0;4.0;1;0
538;5/22/2025 10:00;181.94;23.93;48.03;-0.0799999999999983;0;73;0;1;0;10;1;110.36;23.64;1;5;2025-05-22 10:00:00;22.05.2025;48.26;47.85;0;0;0;1;0;4.0;1;0
539;5/22/2025 11:00;150.68;23.9;47.95;-0.0799999999999983;0;74;0;1;0;11;1;126.34;23.72;1;5;2025-05-22 11:00:00;22.05.2025;47.66;47.65;0;0;0;0;0;4.0;1;0
540;5/22/2025 12:00;118.0;23.86;47.92;-0.030000000000001137;0;75;0;1;0;12;1;133.28;23.8;1;5;2025-05-22 12:00:00;22.05.2025;47.93;47.57;0;0;0;0;0;4.0;1;0
541;5/22/2025 13:00;85.56;23.84;47.85;-0.07000000000000028;0;76;0;1;0;13;1;132.96;23.85;0;5;2025-05-22 13:00:00;22.05.2025;47.77;47.74;0;0;0;0;0;4.0;1;0
542;5/22/2025 14:00;44.24;23.71;48.01;0.1599999999999966;0;77;0;1;0;14;1;122.8;23.85;0;5;2025-05-22 14:00:00;22.05.2025;47.87;47.54;0;0;0;0;0;4.0;1;0
543;5/22/2025 15:00;46.39;23.64;47.79;-0.21999999999999886;0;78;0;1;0;15;1;104.47;23.81;0;5;2025-05-22 15:00:00;22.05.2025;48.13;47.62;0;0;0;1;0;4.0;1;0
544;5/22/2025 16:00;43.74;23.65;48.26;0.46999999999999886;0;79;0;1;0;16;1;81.43;23.77;0;5;2025-05-22 16:00:00;22.05.2025;47.85;47.52;0;0;0;1;0;4.0;1;0
545;5/22/2025 17:00;25.92;23.66;47.66;-0.6000000000000014;0;80;0;1;0;17;1;60.64;23.73;0;5;2025-05-22 17:00:00;22.05.2025;47.65;47.63;0;0;0;1;0;4.0;1;0
546;5/22/2025 18:00;6.68;23.63;47.93;0.2700000000000031;0;81;0;1;0;18;1;42.09;23.69;0;5;2025-05-22 18:00:00;22.05.2025;47.57;47.91;0;0;0;1;0;4.0;1;0
547;5/22/2025 19:00;0.19;23.61;47.77;-0.1599999999999966;0;82;0;1;0;19;0;27.86;23.65;0;5;2025-05-22 19:00:00;22.05.2025;47.74;47.79;0;0;0;1;0;4.0;1;0
548;5/22/2025 20:00;0.0;23.49;47.87;0.09999999999999432;0;83;0;1;0;20;0;20.49;23.61;0;5;2025-05-22 20:00:00;22.05.2025;47.54;48.06;0;0;0;1;0;4.0;1;0
549;5/22/2025 21:00;0.0;23.32;48.13;0.2600000000000051;0;84;0;1;0;21;0;12.76;23.56;0;5;2025-05-22 21:00:00;22.05.2025;47.62;47.32;0;0;0;1;0;4.0;1;0
550;5/22/2025 22:00;9.37;23.24;47.85;-0.28000000000000114;0;85;0;1;0;22;0;7.03;23.49;0;5;2025-05-22 22:00:00;22.05.2025;47.52;47.68;0;0;0;1;0;4.0;1;0
551;5/22/2025 23:00;0.0;23.14;47.65;-0.20000000000000284;0;86;0;1;0;23;0;2.71;23.41;0;5;2025-05-22 23:00:00;22.05.2025;47.63;47.56;0;0;0;1;0;4.0;1;0
552;5/23/2025 0:00;0.0;23.01;47.57;-0.0799999999999983;0;87;0;1;0;0;0;1.59;23.3;0;7;2025-05-23 00:00:00;23.05.2025;47.91;47.58;0;0;0;1;0;4.0;1;0
553;5/23/2025 1:00;0.0;22.9;47.74;0.1700000000000017;0;88;0;1;0;1;0;1.56;23.18;0;7;2025-05-23 01:00:00;23.05.2025;47.79;47.77;0;0;0;1;0;4.0;1;0
554;5/23/2025 2:00;3.19;22.81;47.54;-0.20000000000000284;0;89;0;1;0;2;0;2.09;23.07;0;7;2025-05-23 02:00:00;23.05.2025;48.06;47.82;0;0;0;1;0;4.0;1;0
555;5/23/2025 3:00;22.81;22.74;47.62;0.0799999999999983;0;90;0;1;0;3;0;5.89;22.97;0;7;2025-05-23 03:00:00;23.05.2025;47.32;47.32;0;0;0;1;0;4.0;1;0
556;5/23/2025 4:00;41.43;22.69;47.52;-0.09999999999999432;0;91;0;1;0;4;0;11.24;22.88;0;7;2025-05-23 04:00:00;23.05.2025;47.68;47.65;0;0;0;1;0;4.0;1;0
557;5/23/2025 5:00;74.5;22.71;47.63;0.10999999999999943;0;92;0;1;0;5;0;23.65;22.81;0;7;2025-05-23 05:00:00;23.05.2025;47.56;47.44;0;0;0;1;0;4.0;1;0
558;5/23/2025 6:00;101.99;22.79;47.91;0.27999999999999403;0;93;0;1;0;6;1;40.65;22.77;1;7;2025-05-23 06:00:00;23.05.2025;47.58;47.59;0;0;0;1;0;4.0;1;0
559;5/23/2025 7:00;135.48;22.92;47.79;-0.11999999999999744;0;94;0;1;0;7;1;63.23;22.78;1;7;2025-05-23 07:00:00;23.05.2025;47.77;47.32;0;0;0;1;0;4.0;1;0
560;5/23/2025 8:00;127.57;23.16;48.06;0.2700000000000031;0;95;0;1;0;8;1;83.96;22.84;1;7;2025-05-23 08:00:00;23.05.2025;47.82;47.54;0;0;0;1;0;4.0;1;0
561;5/23/2025 9:00;113.47;23.43;47.32;-0.740000000000002;0;96;0;1;0;9;1;99.07;22.95;1;7;2025-05-23 09:00:00;23.05.2025;47.32;47.77;0;0;0;1;0;4.0;1;0
562;5/23/2025 10:00;134.17;23.51;47.68;0.35999999999999943;0;97;0;1;0;10;1;114.53;23.09;1;7;2025-05-23 10:00:00;23.05.2025;47.65;47.64;0;0;0;1;0;4.0;1;0
563;5/23/2025 11:00;106.94;23.55;47.56;-0.11999999999999744;0;98;0;1;0;11;1;119.94;23.23;1;7;2025-05-23 11:00:00;23.05.2025;47.44;47.96;0;0;0;1;0;4.0;1;0
564;5/23/2025 12:00;114.2;23.55;47.58;0.01999999999999602;0;99;0;1;0;12;1;121.97;23.35;1;7;2025-05-23 12:00:00;23.05.2025;47.59;47.48;0;0;0;0;0;4.0;1;0
565;5/23/2025 13:00;85.67;23.51;47.77;0.19000000000000483;0;100;0;1;0;13;1;113.67;23.45;0;7;2025-05-23 13:00:00;23.05.2025;47.32;47.56;0;0;0;1;0;4.0;1;0
566;5/23/2025 14:00;72.65;23.48;47.82;0.04999999999999716;0;101;0;1;0;14;1;104.52;23.5;0;7;2025-05-23 14:00:00;23.05.2025;47.54;47.53;0;0;0;1;0;4.0;1;0
567;5/23/2025 15:00;52.45;23.43;47.32;-0.5;0;102;0;1;0;15;1;94.35;23.5;0;7;2025-05-23 15:00:00;23.05.2025;47.77;47.82;0;0;0;1;0;4.0;1;0
568;5/23/2025 16:00;33.45;23.36;47.65;0.3299999999999983;0;103;0;1;0;16;1;77.56;23.48;0;7;2025-05-23 16:00:00;23.05.2025;47.64;47.75;0;0;0;1;0;4.0;1;0
569;5/23/2025 17:00;23.42;23.39;47.44;-0.21000000000000085;0;104;0;1;0;17;1;63.64;23.45;0;7;2025-05-23 17:00:00;23.05.2025;47.96;47.74;0;0;0;1;0;4.0;1;0
570;5/23/2025 18:00;7.76;23.49;47.59;0.15000000000000568;0;105;0;1;0;18;1;45.9;23.44;0;7;2025-05-23 18:00:00;23.05.2025;47.48;47.7;0;0;0;1;0;4.0;1;0
571;5/23/2025 19:00;0.04;23.44;47.32;-0.2700000000000031;0;106;0;1;0;19;0;31.63;23.43;0;7;2025-05-23 19:00:00;23.05.2025;47.56;47.56;0;0;0;1;0;4.0;1;0
572;5/23/2025 20:00;0.0;23.35;47.54;0.21999999999999886;0;107;0;1;0;20;0;19.52;23.41;0;7;2025-05-23 20:00:00;23.05.2025;47.53;47.53;0;0;0;1;0;4.0;1;0
573;5/23/2025 21:00;0.54;23.27;47.77;0.23000000000000398;0;108;0;1;0;21;0;10.87;23.38;0;7;2025-05-23 21:00:00;23.05.2025;47.82;47.66;0;0;0;1;0;4.0;1;0
574;5/23/2025 22:00;75.84;23.2;47.64;-0.13000000000000256;0;109;0;1;0;22;0;17.93;23.36;0;7;2025-05-23 22:00:00;23.05.2025;47.75;47.66;0;0;0;1;0;4.0;1;0
575;5/23/2025 23:00;0.0;23.18;47.96;0.3200000000000003;0;110;0;1;0;23;0;14.03;23.32;0;7;2025-05-23 23:00:00;23.05.2025;47.74;47.56;0;0;0;1;0;4.0;1;0
576;5/24/2025 0:00;0.0;23.18;47.48;-0.480000000000004;0;111;0;1;0;0;0;12.74;23.27;0;7;2025-05-24 00:00:00;24.05.2025;47.7;47.39;0;0;0;1;0;4.0;1;0
577;5/24/2025 1:00;0.0;23.16;47.56;0.0800000000000054;0;112;0;1;0;1;0;12.73;23.23;0;7;2025-05-24 01:00:00;24.05.2025;47.56;47.39;0;0;0;1;0;4.0;1;0
578;5/24/2025 2:00;3.23;23.14;47.53;-0.030000000000001137;0;113;0;1;0;2;0;13.27;23.19;0;7;2025-05-24 02:00:00;24.05.2025;47.53;47.4;0;0;0;1;0;4.0;1;0
579;5/24/2025 3:00;22.81;23.11;47.82;0.28999999999999915;0;114;0;1;0;3;0;16.98;23.16;0;7;2025-05-24 03:00:00;24.05.2025;47.66;47.39;0;0;0;1;0;4.0;1;0
580;5/24/2025 4:00;52.22;23.12;47.75;-0.07000000000000028;0;115;0;1;0;4;0;13.04;23.15;0;7;2025-05-24 04:00:00;24.05.2025;47.66;47.38;0;0;0;1;0;4.0;1;0
581;5/24/2025 5:00;85.36;23.18;47.74;-0.00999999999999801;0;116;0;1;0;5;0;27.27;23.15;0;7;2025-05-24 05:00:00;24.05.2025;47.56;47.56;0;0;0;1;0;4.0;1;0
582;5/24/2025 6:00;101.45;23.28;47.7;-0.03999999999999915;0;117;0;1;0;6;1;44.18;23.17;1;7;2025-05-24 06:00:00;24.05.2025;47.39;48.07;0;0;0;1;0;4.0;1;0
583;5/24/2025 7:00;115.62;23.37;47.56;-0.14000000000000057;0;118;0;1;0;7;1;63.45;23.2;1;7;2025-05-24 07:00:00;24.05.2025;47.39;47.54;0;0;0;1;0;4.0;1;0
584;5/24/2025 8:00;146.27;23.47;47.53;-0.030000000000001137;0;119;0;1;0;8;1;87.29;23.26;1;7;2025-05-24 08:00:00;24.05.2025;47.4;47.8;0;0;0;1;0;4.0;1;0
585;5/24/2025 9:00;205.05;23.54;47.66;0.12999999999999545;0;120;0;1;0;9;1;117.66;23.33;1;7;2025-05-24 09:00:00;24.05.2025;47.39;47.79;0;0;0;1;0;4.0;1;0
586;5/24/2025 10:00;215.08;23.35;47.66;0.0;0;121;0;1;0;10;1;144.81;23.36;1;7;2025-05-24 10:00:00;24.05.2025;47.38;47.6;0;0;0;0;0;4.0;1;0
587;5/24/2025 11:00;107.6;23.4;47.56;-0.09999999999999432;0;122;0;1;0;11;1;148.51;23.4;1;7;2025-05-24 11:00:00;24.05.2025;47.56;47.69;0;0;0;0;0;4.0;1;0
588;5/24/2025 12:00;117.04;23.52;47.39;-0.1700000000000017;0;123;0;1;0;12;1;151.11;23.44;1;7;2025-05-24 12:00:00;24.05.2025;48.07;47.68;0;0;0;0;0;4.0;1;0
589;5/24/2025 13:00;86.36;23.57;47.39;0.0;0;124;0;1;0;13;1;146.23;23.47;0;7;2025-05-24 13:00:00;24.05.2025;47.54;47.77;0;0;0;0;0;4.0;1;0
590;5/24/2025 14:00;76.76;23.71;47.4;0.00999999999999801;0;125;0;1;0;14;1;134.65;23.51;0;7;2025-05-24 14:00:00;24.05.2025;47.8;47.46;0;0;0;0;0;4.0;1;0
591;5/24/2025 15:00;70.46;23.62;47.39;-0.00999999999999801;0;126;0;1;0;15;1;112.22;23.53;0;7;2025-05-24 15:00:00;24.05.2025;47.79;47.75;0;0;0;1;0;4.0;1;0
592;5/24/2025 16:00;69.89;23.36;47.38;-0.00999999999999801;0;127;0;1;0;16;1;88.02;23.53;0;7;2025-05-24 16:00:00;24.05.2025;47.6;47.75;0;0;0;1;0;4.0;1;0
593;5/24/2025 17:00;37.06;23.57;47.56;0.17999999999999972;0;128;0;1;0;17;1;76.26;23.56;0;7;2025-05-24 17:00:00;24.05.2025;47.69;47.89;0;0;0;1;0;4.0;1;0
594;5/24/2025 18:00;10.98;23.99;48.07;0.509999999999998;0;129;0;1;0;18;1;58.59;23.64;0;7;2025-05-24 18:00:00;24.05.2025;47.68;47.78;0;0;0;1;0;4.0;1;0
595;5/24/2025 19:00;1.8;24.18;47.54;-0.5300000000000011;0;130;0;1;0;19;0;44.49;23.74;0;7;2025-05-24 19:00:00;24.05.2025;47.77;47.8;0;0;0;1;0;4.0;1;0
596;5/24/2025 20:00;1.38;24.25;47.8;0.259999999999998;0;131;0;1;0;20;0;31.93;23.83;0;7;2025-05-24 20:00:00;24.05.2025;47.46;47.73;0;0;0;1;0;4.0;1;0
597;5/24/2025 21:00;1.61;24.22;47.79;-0.00999999999999801;0;132;0;1;0;21;0;20.45;23.93;0;7;2025-05-24 21:00:00;24.05.2025;47.75;47.61;0;0;0;1;0;4.0;1;0
598;5/24/2025 22:00;1.76;24.22;47.6;-0.18999999999999773;0;133;0;1;0;22;0;9.1;24.07;0;7;2025-05-24 22:00:00;24.05.2025;47.75;47.41;0;0;0;1;0;4.0;1;0
599;5/24/2025 23:00;1.07;24.27;47.69;0.0899999999999963;0;134;0;1;0;23;0;3.1;24.19;0;7;2025-05-24 23:00:00;24.05.2025;47.89;47.36;0;0;0;1;0;4.0;1;0
600;5/25/2025 0:00;0.0;24.18;47.68;-0.00999999999999801;0;135;0;1;0;0;0;1.27;24.22;0;5;2025-05-25 00:00:00;25.05.2025;47.78;47.37;0;0;0;1;0;4.0;1;0
601;5/25/2025 1:00;0.0;23.98;47.77;0.09000000000000341;0;136;0;1;0;1;0;0.97;24.19;0;5;2025-05-25 01:00:00;25.05.2025;47.8;47.4;0;0;0;1;0;4.0;1;0
602;5/25/2025 2:00;2.15;23.81;47.46;-0.3100000000000023;0;137;0;1;0;2;0;1.1;24.11;0;5;2025-05-25 02:00:00;25.05.2025;47.73;47.56;0;0;0;1;0;4.0;1;0
603;5/25/2025 3:00;16.24;23.69;47.75;0.28999999999999915;0;138;0;1;0;3;0;3.54;24.03;0;5;2025-05-25 03:00:00;25.05.2025;47.61;47.23;0;0;0;1;0;4.0;1;0
604;5/25/2025 4:00;41.7;23.63;47.75;0.0;0;139;0;1;0;4;0;10.19;23.93;0;5;2025-05-25 04:00:00;25.05.2025;47.41;47.37;0;0;0;1;0;4.0;1;0
605;5/25/2025 5:00;71.27;23.65;47.89;0.14000000000000057;0;140;0;1;0;5;0;21.89;23.82;0;5;2025-05-25 05:00:00;25.05.2025;47.36;47.27;0;0;0;1;0;4.0;1;0
606;5/25/2025 6:00;86.17;23.78;47.78;-0.10999999999999943;0;141;0;1;0;6;1;36.26;23.76;0;5;2025-05-25 06:00:00;25.05.2025;47.37;47.26;0;0;0;1;0;4.0;1;0
607;5/25/2025 7:00;102.76;23.82;47.8;0.01999999999999602;0;142;0;1;0;7;1;53.38;23.73;1;5;2025-05-25 07:00:00;25.05.2025;47.4;47.25;0;0;0;1;0;4.0;1;0
608;5/25/2025 8:00;114.12;23.86;47.73;-0.07000000000000028;0;143;0;1;0;8;1;72.04;23.74;1;5;2025-05-25 08:00:00;25.05.2025;47.56;47.06;0;0;0;1;0;4.0;1;0
609;5/25/2025 9:00;117.42;23.82;47.61;-0.11999999999999744;0;144;0;1;0;9;1;88.91;23.76;1;5;2025-05-25 09:00:00;25.05.2025;47.23;47.41;0;0;0;1;0;4.0;1;0
610;5/25/2025 10:00;111.71;23.54;47.41;-0.20000000000000284;0;145;0;1;0;10;1;100.58;23.75;1;5;2025-05-25 10:00:00;25.05.2025;47.37;47.42;0;0;0;1;0;4.0;1;0
611;5/25/2025 11:00;103.03;23.3;47.36;-0.04999999999999716;0;146;0;1;0;11;1;105.87;23.69;1;5;2025-05-25 11:00:00;25.05.2025;47.27;47.07;0;0;0;1;0;4.0;1;0
612;5/25/2025 12:00;72.58;23.59;47.37;0.00999999999999801;0;147;0;1;0;12;1;103.6;23.65;0;5;2025-05-25 12:00:00;25.05.2025;47.26;47.44;0;0;0;1;0;4.0;1;0
613;5/25/2025 13:00;50.73;23.67;47.4;0.030000000000001137;0;148;0;1;0;13;1;94.93;23.63;0;5;2025-05-25 13:00:00;25.05.2025;47.25;47.37;0;0;0;1;0;4.0;1;0
614;5/25/2025 14:00;41.74;23.66;47.56;0.1600000000000037;0;149;0;1;0;14;1;82.87;23.59;0;5;2025-05-25 14:00:00;25.05.2025;47.06;47.5;0;0;0;1;0;4.0;1;0
615;5/25/2025 15:00;34.98;23.62;47.23;-0.3300000000000054;0;150;0;1;0;15;1;69.13;23.56;0;5;2025-05-25 15:00:00;25.05.2025;47.41;47.33;0;0;0;1;0;4.0;1;0
616;5/25/2025 16:00;26.73;23.56;47.37;0.14000000000000057;0;151;0;1;0;16;1;54.96;23.56;0;5;2025-05-25 16:00:00;25.05.2025;47.42;47.24;0;0;0;1;0;4.0;1;0
617;5/25/2025 17:00;10.52;23.6;47.27;-0.09999999999999432;0;152;0;1;0;17;1;39.55;23.61;0;5;2025-05-25 17:00:00;25.05.2025;47.07;47.23;0;0;0;1;0;4.0;1;0
618;5/25/2025 18:00;2.38;23.78;47.26;-0.010000000000005116;0;153;0;1;0;18;1;27.85;23.65;0;5;2025-05-25 18:00:00;25.05.2025;47.44;47.37;0;0;0;1;0;4.0;1;0
619;5/25/2025 19:00;0.04;23.89;47.25;-0.00999999999999801;0;154;0;1;0;19;0;19.4;23.68;0;5;2025-05-25 19:00:00;25.05.2025;47.37;47.34;0;0;0;1;0;4.0;1;0
620;5/25/2025 20:00;0.0;23.86;47.06;-0.18999999999999773;0;155;0;1;0;20;0;12.44;23.72;0;5;2025-05-25 20:00:00;25.05.2025;47.5;47.19;0;0;0;1;0;4.0;1;0
621;5/25/2025 21:00;33.91;23.8;47.41;0.3499999999999943;0;156;0;1;0;21;0;12.26;23.75;0;5;2025-05-25 21:00:00;25.05.2025;47.33;47.27;0;0;0;1;0;4.0;1;0
622;5/25/2025 22:00;0.0;23.76;47.42;0.010000000000005116;0;157;0;1;0;22;0;7.81;23.78;0;5;2025-05-25 22:00:00;25.05.2025;47.24;47.31;0;0;0;1;0;4.0;1;0
623;5/25/2025 23:00;0.0;23.68;47.07;-0.3500000000000014;0;158;0;1;0;23;0;6.05;23.79;0;5;2025-05-25 23:00:00;25.05.2025;47.23;47.3;0;0;0;1;0;4.0;1;0
624;5/26/2025 0:00;0.0;23.62;47.44;0.36999999999999744;0;159;0;1;0;0;0;5.66;23.77;0;0;2025-05-26 00:00:00;26.05.2025;47.37;47.27;0;0;0;1;0;4.0;1;0
625;5/26/2025 1:00;0.0;23.59;47.37;-0.07000000000000028;0;160;0;1;0;1;0;5.65;23.72;0;0;2025-05-26 01:00:00;26.05.2025;47.34;47.42;0;0;0;1;0;4.0;1;0
626;5/26/2025 2:00;0.58;23.53;47.5;0.13000000000000256;0;161;0;1;0;2;0;5.75;23.66;0;0;2025-05-26 02:00:00;26.05.2025;47.19;47.26;0;0;0;1;0;4.0;1;0
627;5/26/2025 3:00;6.99;23.52;47.33;-0.1700000000000017;0;162;0;1;0;3;0;1.26;23.62;0;0;2025-05-26 03:00:00;26.05.2025;47.27;47.3;0;0;0;1;0;4.0;1;0
628;5/26/2025 4:00;13.9;23.52;47.24;-0.0899999999999963;0;163;0;1;0;4;0;3.58;23.58;0;0;2025-05-26 04:00:00;26.05.2025;47.31;47.4;0;0;0;1;0;4.0;1;0
629;5/26/2025 5:00;27.53;23.54;47.23;-0.010000000000005116;0;164;0;1;0;5;0;8.17;23.55;0;0;2025-05-26 05:00:00;26.05.2025;47.3;47.62;0;0;0;1;0;4.0;1;0
630;5/26/2025 6:00;22.0;23.57;47.37;0.14000000000000057;0;165;0;1;0;6;1;11.83;23.54;0;0;2025-05-26 06:00:00;26.05.2025;47.27;47.07;0;0;0;1;0;4.0;1;0
631;5/26/2025 7:00;16.43;23.66;47.34;-0.02999999999999403;0;166;0;1;0;7;1;14.57;23.56;0;0;2025-05-26 07:00:00;26.05.2025;47.42;47.41;0;0;0;1;0;4.0;1;0
632;5/26/2025 8:00;18.85;23.88;47.19;-0.15000000000000568;0;167;0;1;0;8;1;17.62;23.61;0;0;2025-05-26 08:00:00;26.05.2025;47.26;47.68;0;0;0;1;0;4.0;1;0
633;5/26/2025 9:00;18.97;24.03;47.27;0.0800000000000054;0;168;0;1;0;9;1;19.62;23.7;0;0;2025-05-26 09:00:00;26.05.2025;47.3;47.63;0;0;0;1;0;4.0;1;0
634;5/26/2025 10:00;89.24;24.14;47.31;0.03999999999999915;0;169;0;1;0;10;1;32.17;23.8;0;0;2025-05-26 10:00:00;26.05.2025;47.4;47.64;0;0;0;1;0;4.0;1;0
635;5/26/2025 11:00;89.01;24.25;47.3;-0.010000000000005116;0;170;0;1;0;11;1;42.42;23.92;0;0;2025-05-26 11:00:00;26.05.2025;47.62;47.71;0;0;0;1;0;4.0;1;0
636;5/26/2025 12:00;77.68;24.27;47.27;-0.02999999999999403;0;171;0;1;0;12;1;51.7;24.04;0;0;2025-05-26 12:00:00;26.05.2025;47.07;47.37;0;0;0;1;0;4.0;1;0
637;5/26/2025 13:00;66.01;24.22;47.42;0.14999999999999858;0;172;0;1;0;13;1;59.96;24.13;0;0;2025-05-26 13:00:00;26.05.2025;47.41;47.57;0;0;0;1;0;4.0;1;0
638;5/26/2025 14:00;64.7;24.18;47.26;-0.1600000000000037;0;173;0;1;0;14;1;67.6;24.18;0;0;2025-05-26 14:00:00;26.05.2025;47.68;47.59;0;0;0;1;0;4.0;1;0
639;5/26/2025 15:00;50.07;24.19;47.3;0.03999999999999915;0;174;0;1;0;15;1;72.79;24.21;0;0;2025-05-26 15:00:00;26.05.2025;47.63;45.0;0;0;1;1;0;4.0;1;0
640;5/26/2025 16:00;37.48;24.18;47.4;0.10000000000000142;0;175;0;1;0;16;1;64.16;24.22;0;0;2025-05-26 16:00:00;26.05.2025;47.64;48.0;0;0;0;1;0;4.0;1;0
641;5/26/2025 17:00;19.78;24.15;47.62;0.21999999999999886;0;176;0;1;0;17;1;52.62;24.2;0;0;2025-05-26 17:00:00;26.05.2025;47.71;46.0;0;0;1;1;0;4.0;1;0
642;5/26/2025 18:00;6.8;24.1;47.07;-0.5499999999999972;0;177;0;1;0;18;1;40.81;24.17;0;0;2025-05-26 18:00:00;26.05.2025;47.37;50.0;0;0;0;1;0;4.0;1;0
643;5/26/2025 19:00;0.04;24.05;47.41;0.3399999999999963;0;178;0;1;0;19;0;29.81;24.14;0;0;2025-05-26 19:00:00;26.05.2025;47.57;52.0;0;0;0;1;0;4.0;1;0
644;5/26/2025 20:00;91.01;23.98;47.68;0.2700000000000031;0;179;0;1;0;20;0;34.19;24.11;0;0;2025-05-26 20:00:00;26.05.2025;47.59;47.0;0;0;0;1;0;4.0;1;0
645;5/26/2025 21:00;24.5;23.9;47.63;-0.04999999999999716;0;180;0;1;0;21;0;29.93;24.06;0;0;2025-05-26 21:00:00;26.05.2025;45.0;53.0;0;1;0;1;0;4.0;1;0
646;5/26/2025 22:00;0.0;23.77;47.64;0.00999999999999801;0;181;0;1;0;22;0;23.69;23.99;0;0;2025-05-26 22:00:00;26.05.2025;48.0;45.0;0;0;1;1;0;4.0;1;0
647;5/26/2025 23:00;0.0;23.62;47.71;0.07000000000000028;0;182;0;1;0;23;0;20.39;23.9;0;0;2025-05-26 23:00:00;26.05.2025;46.0;48.0;0;1;0;1;0;4.0;1;0
648;5/27/2025 0:00;0.0;23.49;47.37;-0.3400000000000034;0;183;0;1;0;0;0;19.26;23.8;0;7;2025-05-27 00:00:00;27.05.2025;50.0;46.0;0;0;1;1;0;3.0;1;0
649;5/27/2025 1:00;0.0;23.39;47.57;0.20000000000000284;0;184;0;1;0;1;0;19.25;23.69;0;7;2025-05-27 01:00:00;27.05.2025;52.0;50.0;0;0;0;1;0;3.0;1;0
650;5/27/2025 2:00;0.12;23.33;47.59;0.020000000000003126;0;185;0;1;0;2;0;4.1;23.58;0;7;2025-05-27 02:00:00;27.05.2025;47.0;52.0;0;0;0;1;0;3.0;1;0
651;5/27/2025 3:00;50.0;22.0;45.0;-2.5900000000000034;0;186;1;1;0;3;0;45.0;22.0;0;7;2025-05-27 03:00:00;27.05.2025;53.0;47.0;1;0;0;1;0;3.0;1;0
652;5/27/2025 4:00;400.0;24.0;48.0;3.0;1;0;0;0;1;4;0;360.0;24.0;0;7;2025-05-27 04:00:00;27.05.2025;45.0;53.0;0;1;0;0;0;3.0;1;0
653;5/27/2025 5:00;200.0;23.0;46.0;-2.0;0;1;1;0;0;5;0;180.0;23.0;0;7;2025-05-27 05:00:00;27.05.2025;48.0;45.0;1;0;1;0;0;3.0;1;0
654;5/27/2025 6:00;80.0;25.0;50.0;4.0;1;0;0;0;1;6;1;72.0;25.0;0;7;2025-05-27 06:00:00;27.05.2025;46.0;48.0;0;1;0;1;0;3.0;1;0
655;5/27/2025 7:00;700.0;27.0;52.0;2.0;0;1;0;0;0;7;1;630.0;27.0;1;7;2025-05-27 07:00:00;27.05.2025;50.0;46.0;0;0;1;0;1;3.0;1;0
656;5/27/2025 8:00;60.0;21.0;47.0;-5.0;0;2;0;0;0;8;1;54.0;21.0;0;7;2025-05-27 08:00:00;27.05.2025;52.0;50.0;0;0;0;1;0;3.0;1;0
657;5/27/2025 9:00;250.0;23.0;53.0;6.0;1;0;0;0;1;9;1;225.0;23.0;1;7;2025-05-27 09:00:00;27.05.2025;47.0;52.0;0;0;0;0;0;3.0;1;0
658;5/27/2025 10:00;50.0;22.0;45.0;-8.0;0;1;0;1;0;10;1;45.0;22.0;0;7;2025-05-27 10:00:00;27.05.2025;53.0;47.0;1;0;0;1;0;3.0;1;0
659;5/27/2025 11:00;400.0;24.0;48.0;3.0;1;0;0;0;1;11;1;360.0;24.0;1;7;2025-05-27 11:00:00;27.05.2025;45.0;53.0;0;1;0;0;0;3.0;1;0
660;5/27/2025 12:00;200.0;23.0;46.0;-2.0;0;1;1;0;0;12;1;180.0;23.0;1;7;2025-05-27 12:00:00;27.05.2025;48.0;45.0;1;0;1;0;0;3.0;1;0
661;5/27/2025 13:00;80.0;25.0;50.0;4.0;1;0;0;0;1;13;1;72.0;25.0;0;7;2025-05-27 13:00:00;27.05.2025;46.0;48.0;0;1;0;1;0;3.0;1;0
662;5/27/2025 14:00;700.0;27.0;52.0;2.0;0;1;0;0;0;14;1;630.0;27.0;1;7;2025-05-27 14:00:00;27.05.2025;50.0;46.0;0;0;1;0;1;3.0;1;0
663;5/27/2025 15:00;60.0;21.0;47.0;-5.0;0;2;0;0;0;15;1;54.0;21.0;0;7;2025-05-27 15:00:00;27.05.2025;52.0;50.0;0;0;0;1;0;3.0;1;0
664;5/27/2025 16:00;250.0;23.0;53.0;6.0;1;0;0;0;1;16;1;225.0;23.0;1;7;2025-05-27 16:00:00;27.05.2025;47.0;52.0;0;0;0;0;0;3.0;1;0
665;5/27/2025 17:00;50.0;22.0;45.0;-8.0;0;1;0;1;0;17;1;45.0;22.0;0;7;2025-05-27 17:00:00;27.05.2025;53.0;47.0;1;0;0;1;0;3.0;1;0
666;5/27/2025 18:00;400.0;24.0;48.0;3.0;1;0;0;0;1;18;1;360.0;24.0;1;7;2025-05-27 18:00:00;27.05.2025;45.0;53.0;0;1;0;0;0;3.0;1;0
667;5/27/2025 19:00;200.0;23.0;46.0;-2.0;0;1;1;0;0;19;0;180.0;23.0;0;7;2025-05-27 19:00:00;27.05.2025;48.0;45.0;1;0;1;0;0;3.0;1;0
668;5/27/2025 20:00;80.0;25.0;50.0;4.0;1;0;0;0;1;20;0;72.0;25.0;0;7;2025-05-27 20:00:00;27.05.2025;46.0;48.0;0;1;0;1;0;3.0;1;0
669;5/27/2025 21:00;700.0;27.0;52.0;2.0;0;1;0;0;0;21;0;630.0;27.0;0;7;2025-05-27 21:00:00;27.05.2025;50.0;46.0;0;0;1;0;1;3.0;1;0
670;5/27/2025 22:00;60.0;21.0;47.0;-5.0;0;2;0;0;0;22;0;54.0;21.0;0;7;2025-05-27 22:00:00;27.05.2025;52.0;50.0;0;0;0;1;0;3.0;1;0
671;5/27/2025 23:00;250.0;23.0;53.0;6.0;1;0;0;0;1;23;0;225.0;23.0;0;7;2025-05-27 23:00:00;27.05.2025;47.0;52.0;0;0;0;0;0;3.0;1;0
672;5/28/2025 0:00;50.0;22.0;45.0;-8.0;0;1;0;1;0;0;0;45.0;22.0;0;8;2025-05-28 00:00:00;28.05.2025;53.0;47.0;1;0;0;1;0;2.0;0;0
673;5/28/2025 1:00;400.0;24.0;48.0;3.0;1;0;0;0;1;1;0;360.0;24.0;0;8;2025-05-28 01:00:00;28.05.2025;45.0;53.0;0;1;0;0;0;2.0;0;0
674;5/28/2025 2:00;200.0;23.0;46.0;-2.0;0;1;1;0;0;2;0;180.0;23.0;0;8;2025-05-28 02:00:00;28.05.2025;48.0;45.0;1;0;1;0;0;2.0;0;0
675;5/28/2025 3:00;80.0;25.0;50.0;4.0;1;0;0;0;1;3;0;72.0;25.0;0;8;2025-05-28 03:00:00;28.05.2025;46.0;48.0;0;1;0;1;0;2.0;0;0
676;5/28/2025 4:00;700.0;27.0;52.0;2.0;0;1;0;0;0;4;0;630.0;27.0;0;8;2025-05-28 04:00:00;28.05.2025;50.0;46.0;0;0;1;0;1;2.0;1;0
677;5/28/2025 5:00;60.0;21.0;47.0;-5.0;0;2;0;0;0;5;0;54.0;21.0;0;8;2025-05-28 05:00:00;28.05.2025;52.0;50.0;0;0;0;1;0;2.0;0;0
678;5/28/2025 6:00;250.0;23.0;53.0;6.0;1;0;0;0;1;6;1;225.0;23.0;1;8;2025-05-28 06:00:00;28.05.2025;47.0;52.0;0;0;0;0;0;2.0;0;0
679;5/28/2025 7:00;50.0;22.0;45.0;-8.0;0;1;0;1;0;7;1;45.0;22.0;0;8;2025-05-28 07:00:00;28.05.2025;53.0;47.0;1;0;0;1;0;2.0;0;0
680;5/28/2025 8:00;400.0;24.0;48.0;3.0;1;0;0;0;1;8;1;360.0;24.0;1;8;2025-05-28 08:00:00;28.05.2025;45.0;53.0;0;1;0;0;0;2.0;0;0
681;5/28/2025 9:00;200.0;23.0;46.0;-2.0;0;1;1;0;0;9;1;180.0;23.0;1;8;2025-05-28 09:00:00;28.05.2025;48.0;45.0;1;0;1;0;0;2.0;0;0
682;5/28/2025 10:00;80.0;25.0;50.0;4.0;1;0;0;0;1;10;1;72.0;25.0;0;8;2025-05-28 10:00:00;28.05.2025;46.0;48.0;0;1;0;1;0;2.0;0;0
683;5/28/2025 11:00;700.0;27.0;52.0;2.0;0;1;0;0;0;11;1;630.0;27.0;1;8;2025-05-28 11:00:00;28.05.2025;50.0;46.0;0;0;1;0;1;2.0;1;0
684;5/28/2025 12:00;60.0;21.0;47.0;-5.0;0;2;0;0;0;12;1;54.0;21.0;0;8;2025-05-28 12:00:00;28.05.2025;52.0;50.0;0;0;0;1;0;2.0;0;0
685;5/28/2025 13:00;250.0;23.0;53.0;6.0;1;0;0;0;1;13;1;225.0;23.0;1;8;2025-05-28 13:00:00;28.05.2025;47.0;52.0;0;0;0;0;0;2.0;0;0
686;5/28/2025 14:00;50.0;22.0;45.0;-8.0;0;1;0;1;0;14;1;45.0;22.0;0;8;2025-05-28 14:00:00;28.05.2025;53.0;47.0;1;0;0;1;0;2.0;0;0
687;5/28/2025 15:00;400.0;24.0;48.0;3.0;1;0;0;0;1;15;1;360.0;24.0;1;8;2025-05-28 15:00:00;28.05.2025;45.0;53.0;0;1;0;0;0;2.0;0;0
688;5/28/2025 16:00;200.0;23.0;46.0;-2.0;0;1;1;0;0;16;1;180.0;23.0;1;8;2025-05-28 16:00:00;28.05.2025;48.0;45.0;1;0;1;0;0;2.0;0;0
689;5/28/2025 17:00;80.0;25.0;50.0;4.0;1;0;0;0;1;17;1;72.0;25.0;0;8;2025-05-28 17:00:00;28.05.2025;46.0;48.0;0;1;0;1;0;2.0;0;0
690;5/28/2025 18:00;700.0;27.0;52.0;2.0;0;1;0;0;0;18;1;630.0;27.0;1;8;2025-05-28 18:00:00;28.05.2025;50.0;46.0;0;0;1;0;1;2.0;1;0
691;5/28/2025 19:00;60.0;21.0;47.0;-5.0;0;2;0;0;0;19;0;54.0;21.0;0;8;2025-05-28 19:00:00;28.05.2025;52.0;50.0;0;0;0;1;0;2.0;0;0
692;5/28/2025 20:00;250.0;23.0;53.0;6.0;1;0;0;0;1;20;0;225.0;23.0;0;8;2025-05-28 20:00:00;28.05.2025;47.0;52.0;0;0;0;0;0;2.0;0;0
693;5/28/2025 21:00;50.0;22.0;45.0;-8.0;0;1;0;1;0;21;0;45.0;22.0;0;8;2025-05-28 21:00:00;28.05.2025;53.0;47.0;1;0;0;1;0;2.0;0;0
694;5/28/2025 22:00;400.0;24.0;48.0;3.0;1;0;0;0;1;22;0;360.0;24.0;0;8;2025-05-28 22:00:00;28.05.2025;45.0;53.0;0;1;0;0;0;2.0;0;0
695;5/28/2025 23:00;200.0;23.0;46.0;-2.0;0;1;1;0;0;23;0;180.0;23.0;0;8;2025-05-28 23:00:00;28.05.2025;48.0;45.0;1;0;1;0;0;2.0;0;0
696;5/29/2025 0:00;80.0;25.0;50.0;4.0;1;0;0;0;1;0;0;72.0;25.0;0;7;2025-05-29 00:00:00;29.05.2025;46.0;48.0;0;1;0;1;0;1.0;0;0
697;5/29/2025 1:00;700.0;27.0;52.0;2.0;0;1;0;0;0;1;0;630.0;27.0;0;7;2025-05-29 01:00:00;29.05.2025;50.0;46.0;0;0;1;0;1;1.0;1;0
698;5/29/2025 2:00;60.0;21.0;47.0;-5.0;0;2;0;0;0;2;0;54.0;21.0;0;7;2025-05-29 02:00:00;29.05.2025;52.0;50.0;0;0;0;1;0;1.0;0;0
699;5/29/2025 3:00;250.0;23.0;53.0;6.0;1;0;0;0;1;3;0;225.0;23.0;0;7;2025-05-29 03:00:00;29.05.2025;47.0;52.0;0;0;0;0;0;1.0;0;0
700;5/29/2025 4:00;50.0;22.0;45.0;-8.0;0;1;0;1;0;4;0;45.0;22.0;0;7;2025-05-29 04:00:00;29.05.2025;53.0;47.0;1;0;0;1;0;1.0;0;0
701;5/29/2025 5:00;400.0;24.0;48.0;3.0;1;0;0;0;1;5;0;360.0;24.0;0;7;2025-05-29 05:00:00;29.05.2025;45.0;53.0;0;1;0;0;0;1.0;0;0
702;5/29/2025 6:00;200.0;23.0;46.0;-2.0;0;1;1;0;0;6;1;180.0;23.0;1;7;2025-05-29 06:00:00;29.05.2025;48.0;45.0;1;0;1;0;0;1.0;0;0
703;5/29/2025 7:00;80.0;25.0;50.0;4.0;1;0;0;0;1;7;1;72.0;25.0;0;7;2025-05-29 07:00:00;29.05.2025;46.0;48.0;0;1;0;1;0;1.0;0;0
704;5/29/2025 8:00;700.0;27.0;52.0;2.0;0;1;0;0;0;8;1;630.0;27.0;1;7;2025-05-29 08:00:00;29.05.2025;50.0;46.0;0;0;1;0;1;1.0;1;0
705;5/29/2025 9:00;60.0;21.0;47.0;-5.0;0;2;0;0;0;9;1;54.0;21.0;0;7;2025-05-29 09:00:00;29.05.2025;52.0;50.0;0;0;0;1;0;1.0;0;0
706;5/29/2025 10:00;250.0;23.0;53.0;6.0;1;0;0;0;1;10;1;225.0;23.0;1;7;2025-05-29 10:00:00;29.05.2025;47.0;52.0;0;0;0;0;0;1.0;0;0
707;5/29/2025 11:00;50.0;22.0;45.0;-8.0;0;1;0;1;0;11;1;45.0;22.0;0;7;2025-05-29 11:00:00;29.05.2025;53.0;47.0;1;0;0;1;0;1.0;0;0
708;5/29/2025 12:00;400.0;24.0;48.0;3.0;1;0;0;0;1;12;1;360.0;24.0;1;7;2025-05-29 12:00:00;29.05.2025;45.0;53.0;0;1;0;0;0;1.0;0;0
709;5/29/2025 13:00;200.0;23.0;46.0;-2.0;0;1;1;0;0;13;1;180.0;23.0;1;7;2025-05-29 13:00:00;29.05.2025;48.0;45.0;1;0;1;0;0;1.0;0;0
710;5/29/2025 14:00;80.0;25.0;50.0;4.0;1;0;0;0;1;14;1;72.0;25.0;0;7;2025-05-29 14:00:00;29.05.2025;46.0;48.0;0;1;0;1;0;1.0;0;0
711;5/29/2025 15:00;700.0;27.0;52.0;2.0;0;1;0;0;0;15;1;630.0;27.0;1;7;2025-05-29 15:00:00;29.05.2025;50.0;43.1;0;0;1;0;1;1.0;1;0
712;5/29/2025 16:00;60.0;21.0;47.0;-5.0;0;2;0;0;0;16;1;54.0;21.0;0;7;2025-05-29 16:00:00;29.05.2025;52.0;44.3;0;0;1;1;0;1.0;0;0
713;5/29/2025 17:00;250.0;23.0;53.0;6.0;1;0;0;0;1;17;1;225.0;23.0;1;7;2025-05-29 17:00:00;29.05.2025;47.0;51.5;0;0;0;0;0;1.0;0;0
714;5/29/2025 18:00;50.0;22.0;45.0;-8.0;0;1;0;1;0;18;1;45.0;22.0;0;7;2025-05-29 18:00:00;29.05.2025;53.0;56.4;1;0;0;1;0;1.0;0;0
715;5/29/2025 19:00;400.0;24.0;48.0;3.0;1;0;0;0;1;19;0;360.0;24.0;0;7;2025-05-29 19:00:00;29.05.2025;45.0;37.7;0;1;1;0;0;1.0;0;0
716;5/29/2025 20:00;200.0;23.0;46.0;-2.0;0;1;1;0;0;20;0;180.0;23.0;0;7;2025-05-29 20:00:00;29.05.2025;48.0;41.4;1;0;1;0;0;1.0;0;0
717;5/29/2025 21:00;80.0;25.0;50.0;4.0;1;0;0;0;1;21;0;72.0;25.0;0;7;2025-05-29 21:00:00;29.05.2025;43.1;26.6;0;1;1;1;0;1.0;0;0
718;5/29/2025 22:00;700.0;27.0;52.0;2.0;0;1;0;0;0;22;0;630.0;27.0;0;7;2025-05-29 22:00:00;29.05.2025;44.3;27.0;0;1;1;0;1;1.0;1;0
719;5/29/2025 23:00;60.0;21.0;47.0;-5.0;0;2;0;0;0;23;0;54.0;21.0;0;7;2025-05-29 23:00:00;29.05.2025;51.5;37.2;0;0;1;1;0;1.0;0;0
720;5/30/2025 0:00;250.0;23.0;53.0;6.0;1;0;0;0;1;0;0;225.0;23.0;0;12;2025-05-30 00:00:00;30.05.2025;56.4;58.5;0;0;0;0;0;0.0;0;0
721;5/30/2025 1:00;50.0;22.0;45.0;-8.0;0;1;0;1;0;1;0;45.0;22.0;0;12;2025-05-30 01:00:00;30.05.2025;37.7;57.9;1;1;0;1;0;0.0;0;0
722;5/30/2025 2:00;400.0;24.0;48.0;3.0;1;0;0;0;1;2;0;360.0;24.0;0;12;2025-05-30 02:00:00;30.05.2025;41.4;47.2;0;1;0;0;0;0.0;0;0
723;5/30/2025 3:00;2.5;21.5;43.1;-4.899999999999999;0;1;0;0;0;3;0;243.75;23.08;0;12;2025-05-30 03:00:00;30.05.2025;26.6;57.5;1;1;0;0;0;0.0;0;1
724;5/30/2025 4:00;5.5;22.5;44.3;1.1999999999999957;0;2;0;0;0;4;0;128.0;22.33;0;12;2025-05-30 04:00:00;30.05.2025;27.0;30.5;1;1;1;0;0;0.0;0;1
725;5/30/2025 5:00;5.6;22.0;51.5;7.200000000000003;1;0;0;0;1;5;0;118.93;22.5;0;12;2025-05-30 05:00:00;30.05.2025;37.2;28.2;0;1;1;1;0;0.0;0;0
726;5/30/2025 6:00;5.6;21.1;56.4;4.899999999999999;1;0;0;0;1;6;1;78.2;22.18;0;12;2025-05-30 06:00:00;30.05.2025;58.5;29.7;0;0;1;1;0;0.0;0;0
727;5/30/2025 7:00;174.0;21.0;37.7;-18.699999999999996;0;1;0;0;0;7;1;98.87;22.02;1;12;2025-05-30 07:00:00;30.05.2025;57.9;41.4;1;0;1;1;0;0.0;0;0
728;5/30/2025 8:00;127.3;23.7;41.4;3.6999999999999957;1;0;0;0;1;8;1;53.42;21.97;1;12;2025-05-30 08:00:00;30.05.2025;47.2;48.4;1;0;0;1;0;0.0;0;0
729;5/30/2025 9:00;660.4;28.0;26.6;-14.799999999999997;0;1;0;0;0;9;1;163.07;23.05;1;12;2025-05-30 09:00:00;30.05.2025;57.5;48.5;1;0;0;0;1;0.0;1;0
730;5/30/2025 10:00;848.5;25.7;27.0;0.3999999999999986;0;2;0;0;0;10;1;303.57;23.58;1;12;2025-05-30 10:00:00;30.05.2025;30.5;47.1;1;1;0;0;1;0.0;1;0
731;5/30/2025 11:00;637.2;26.6;37.2;10.200000000000003;1;0;0;0;0;11;1;408.83;24.35;1;12;2025-05-30 11:00:00;30.05.2025;28.2;37.7;1;1;1;0;1;0.0;1;0
732;5/30/2025 12:00;1101.7;29.8;58.5;21.299999999999997;1;0;0;0;0;12;1;591.52;25.8;1;12;2025-05-30 12:00:00;30.05.2025;29.7;44.7;0;1;1;0;1;0.0;1;0
733;5/30/2025 13:00;1281.0;28.6;57.9;-0.6000000000000014;0;1;0;0;0;13;1;776.02;27.07;1;12;2025-05-30 13:00:00;30.05.2025;41.4;51.2;0;1;0;0;1;0.0;1;0
734;5/30/2025 14:00;1150.9;28.2;47.2;-10.699999999999996;0;2;0;0;0;14;1;946.62;27.82;1;12;2025-05-30 14:00:00;30.05.2025;48.4;43.7;0;0;1;0;1;0.0;1;0
735;5/30/2025 15:00;1029.1;30.8;57.5;10.299999999999997;1;0;0;0;0;15;1;1008.07;28.28;1;12;2025-05-30 15:00:00;30.05.2025;48.5;51.7;0;0;0;0;1;0.0;1;0
736;5/30/2025 16:00;491.4;26.7;30.5;-27.0;0;1;1;0;0;16;1;948.55;28.45;1;12;2025-05-30 16:00:00;30.05.2025;47.1;55.3;1;0;0;0;1;0.0;1;0
737;5/30/2025 17:00;538.7;25.1;28.2;-2.3000000000000007;0;2;1;0;0;17;1;932.13;28.2;1;12;2025-05-30 17:00:00;30.05.2025;37.7;57.0;1;1;0;0;1;0.0;1;0
738;5/30/2025 18:00;546.6;26.3;29.7;1.5;0;3;1;0;0;18;1;839.62;27.62;1;12;2025-05-30 18:00:00;30.05.2025;44.7;56.5;1;1;0;0;1;0.0;1;0
739;5/30/2025 19:00;142.1;21.8;41.4;11.7;1;0;0;0;0;19;0;649.8;26.48;0;12;2025-05-30 19:00:00;30.05.2025;51.2;35.7;1;0;1;0;0;0.0;0;1
740;5/30/2025 20:00;125.0;24.9;48.4;7.0;1;0;0;0;1;20;0;478.82;25.93;0;12;2025-05-30 20:00:00;30.05.2025;43.7;48.2;0;1;0;0;0;0.0;0;0
741;5/30/2025 21:00;127.8;21.5;48.5;0.10000000000000142;0;1;0;0;0;21;0;328.6;24.38;0;12;2025-05-30 21:00:00;30.05.2025;51.7;27.4;0;0;1;0;0;0.0;0;1
742;5/30/2025 22:00;63.4;24.0;47.1;-1.3999999999999986;0;2;0;0;0;22;0;257.27;23.93;0;12;2025-05-30 22:00:00;30.05.2025;55.3;36.7;0;0;1;0;0;0.0;0;1
743;5/30/2025 23:00;151.0;21.6;37.7;-9.399999999999999;0;3;0;0;0;23;0;192.65;23.35;0;12;2025-05-30 23:00:00;30.05.2025;57.0;30.3;1;0;1;0;0;0.0;0;1
744;5/31/2025 0:00;124.2;23.1;44.7;7.0;1;0;0;0;1;0;0;122.25;22.82;0;11;2025-05-31 00:00:00;31.05.2025;56.5;48.3;1;0;0;0;0;0.0;0;0
745;5/31/2025 1:00;0.1;23.0;51.2;6.5;1;0;0;0;1;1;0;98.58;23.02;0;11;2025-05-31 01:00:00;31.05.2025;35.7;45.8;0;1;1;1;0;0.0;0;0
746;5/31/2025 2:00;5.1;20.3;43.7;-7.5;0;1;0;0;0;2;0;78.6;22.25;0;11;2025-05-31 02:00:00;31.05.2025;48.2;47.8;1;0;0;1;0;0.0;0;0
747;5/31/2025 3:00;5.3;22.3;51.7;8.0;1;0;0;0;1;3;0;58.18;22.38;0;11;2025-05-31 03:00:00;31.05.2025;27.4;41.1;0;1;1;1;0;0.0;0;0
748;5/31/2025 4:00;5.1;21.6;55.3;3.5999999999999943;1;0;0;0;1;4;0;48.47;21.98;0;11;2025-05-31 04:00:00;31.05.2025;36.7;39.2;0;1;1;1;0;0.0;0;0
749;5/31/2025 5:00;5.2;22.6;57.0;1.7000000000000028;0;1;0;0;0;5;0;24.17;22.15;0;11;2025-05-31 05:00:00;31.05.2025;30.3;33.6;0;1;1;1;0;0.0;0;0
750;5/31/2025 6:00;6.6;21.1;56.5;-0.5;0;2;0;0;0;6;1;4.57;21.82;0;11;2025-05-31 06:00:00;31.05.2025;48.3;38.9;0;0;1;1;0;0.0;0;0
751;5/31/2025 7:00;65.7;21.0;35.7;-20.799999999999997;0;3;0;0;0;7;1;15.5;21.48;0;11;2025-05-31 07:00:00;31.05.2025;45.8;43.1;1;1;1;1;0;0.0;0;0
752;5/31/2025 8:00;135.0;22.2;48.2;12.5;1;0;0;0;0;8;1;37.15;21.8;1;11;2025-05-31 08:00:00;31.05.2025;47.8;37.4;0;0;1;1;0;0.0;0;0
753;5/31/2025 9:00;724.5;29.6;27.4;-20.800000000000004;0;1;0;0;0;9;1;157.02;23.02;1;11;2025-05-31 09:00:00;31.05.2025;41.1;36.0;1;1;1;0;1;0.0;1;0
754;5/31/2025 10:00;573.5;28.6;36.7;9.300000000000004;1;0;0;0;1;10;1;251.75;24.18;1;11;2025-05-31 10:00:00;31.05.2025;39.2;43.2;1;1;1;0;1;0.0;1;0
755;5/31/2025 11:00;888.9;26.3;30.3;-6.400000000000002;0;1;0;0;0;11;1;399.03;24.8;1;11;2025-05-31 11:00:00;31.05.2025;33.6;42.3;1;1;1;0;1;0.0;1;0
756;5/31/2025 12:00;996.9;28.5;48.3;17.999999999999996;1;0;0;0;0;12;1;564.08;26.03;1;11;2025-05-31 12:00:00;31.05.2025;38.9;45.2;0;1;1;0;1;0.0;1;0
757;5/31/2025 13:00;1006.7;27.9;45.8;-2.5;0;1;0;0;0;13;1;720.92;27.18;1;11;2025-05-31 13:00:00;31.05.2025;43.1;51.8;1;1;0;0;1;0.0;1;0
758;5/31/2025 14:00;1205.1;28.2;47.8;2.0;0;2;0;0;0;14;1;899.27;28.18;1;11;2025-05-31 14:00:00;31.05.2025;37.4;58.5;0;1;0;0;1;0.0;1;0
759;5/31/2025 15:00;1085.5;30.5;41.1;-6.699999999999996;0;3;0;0;0;15;1;959.43;28.33;1;11;2025-05-31 15:00:00;31.05.2025;36.0;44.5;1;1;1;0;1;0.0;1;0
760;5/31/2025 16:00;715.1;29.0;39.2;-1.8999999999999986;0;4;0;0;0;16;1;983.03;28.4;1;11;2025-05-31 16:00:00;31.05.2025;43.2;53.3;1;1;0;0;1;0.0;1;0
761;5/31/2025 17:00;573.3;29.8;33.6;-5.600000000000001;0;5;1;0;0;17;1;930.43;28.98;1;11;2025-05-31 17:00:00;31.05.2025;42.3;54.3;1;1;0;0;1;0.0;1;0
762;5/31/2025 18:00;536.9;26.2;38.9;5.299999999999997;1;0;0;0;1;18;1;853.77;28.6;1;11;2025-05-31 18:00:00;31.05.2025;45.2;55.8;1;1;0;0;1;0.0;1;0
763;5/31/2025 19:00;151.4;22.4;43.1;4.200000000000003;1;0;0;0;1;19;0;711.22;27.68;0;11;2025-05-31 19:00:00;31.05.2025;51.8;36.5;1;0;1;0;0;0.0;0;0
764;5/31/2025 20:00;193.6;22.0;37.4;-5.700000000000003;0;1;0;0;0;20;0;542.63;26.65;0;11;2025-05-31 20:00:00;31.05.2025;58.5;45.1;1;0;1;0;0;0.0;0;1
765;5/31/2025 21:00;77.1;22.6;36.0;-1.3999999999999986;0;2;0;0;0;21;0;374.57;25.33;0;11;2025-05-31 21:00:00;31.05.2025;44.5;32.2;1;1;1;0;0;0.0;0;1
766;5/31/2025 22:00;88.4;22.5;43.2;7.200000000000003;1;0;0;0;1;22;0;270.12;24.25;0;11;2025-05-31 22:00:00;31.05.2025;53.3;38.6;1;0;1;0;0;0.0;0;0
767;5/31/2025 23:00;77.2;21.4;42.3;-0.9000000000000057;0;1;0;0;0;23;0;187.43;22.85;0;11;2025-05-31 23:00:00;31.05.2025;54.3;36.5;1;0;1;0;0;0.0;0;1
768;6/1/2025 0:00;133.8;21.4;45.2;2.9000000000000057;0;2;0;0;0;0;0;120.25;22.05;0;11;2025-06-01 00:00:00;1.06.2025;55.8;50.4;1;0;0;0;0;0.0;0;1
769;6/1/2025 1:00;8.1;22.2;51.8;6.599999999999994;1;0;0;0;1;1;0;96.37;22.02;0;11;2025-06-01 01:00:00;1.06.2025;36.5;55.3;0;1;0;1;0;0.0;0;0
770;6/1/2025 2:00;4.2;21.0;58.5;6.700000000000003;1;0;0;0;1;2;0;64.8;21.85;0;11;2025-06-01 02:00:00;1.06.2025;45.1;51.0;0;1;0;1;0;0.0;0;0
771;6/1/2025 3:00;1.3;22.6;44.5;-14.0;0;1;0;0;0;3;0;52.17;21.85;0;11;2025-06-01 03:00:00;1.06.2025;32.2;49.8;1;1;0;1;0;0.0;0;0
772;6/1/2025 4:00;5.8;22.6;53.3;8.799999999999997;1;0;0;0;1;4;0;38.4;21.87;0;11;2025-06-01 04:00:00;1.06.2025;38.6;28.9;0;1;1;1;0;0.0;0;0
773;6/1/2025 5:00;5.2;21.0;54.3;1.0;0;1;0;0;0;5;0;26.4;21.8;0;11;2025-06-01 05:00:00;1.06.2025;36.5;25.4;0;1;1;1;0;0.0;0;0
774;6/1/2025 6:00;3.6;22.7;55.8;1.5;0;1;0;0;0;6;1;4.7;22.02;0;11;2025-06-01 06:00:00;1.06.2025;50.4;29.4;0;0;1;1;0;0.0;0;0
775;6/1/2025 7:00;94.3;22.2;36.5;-19.299999999999997;0;2;0;0;0;7;1;19.07;22.02;0;11;2025-06-01 07:00:00;1.06.2025;55.3;35.4;1;0;1;1;0;0.0;0;0
776;6/1/2025 8:00;159.4;22.3;45.1;8.600000000000001;1;0;0;0;1;8;1;44.93;22.23;1;11;2025-06-01 08:00:00;1.06.2025;51.0;40.9;1;0;1;1;0;0.0;0;0
777;6/1/2025 9:00;506.9;25.9;32.2;-12.899999999999999;0;1;0;0;0;9;1;129.2;22.78;1;11;2025-06-01 09:00:00;1.06.2025;49.8;48.7;1;0;0;0;1;0.0;1;0
778;6/1/2025 10:00;479.9;29.7;38.6;6.399999999999999;1;0;0;0;1;10;1;208.22;23.97;1;11;2025-06-01 10:00:00;1.06.2025;28.9;44.2;1;1;1;0;1;0.0;1;0
779;6/1/2025 11:00;590.4;29.9;36.5;-2.1000000000000014;0;1;0;0;0;11;1;305.75;25.45;1;11;2025-06-01 11:00:00;1.06.2025;25.4;44.7;1;1;1;0;1;0.0;1;0
780;6/1/2025 12:00;1242.3;29.9;50.4;13.899999999999999;1;0;0;0;0;12;1;512.2;26.65;1;11;2025-06-01 12:00:00;1.06.2025;29.4;38.4;0;1;1;0;1;0.0;1;0
781;6/1/2025 13:00;1162.8;27.2;55.3;4.899999999999999;1;0;0;0;1;13;1;690.28;27.48;1;11;2025-06-01 13:00:00;1.06.2025;35.4;44.5;0;1;1;0;1;0.0;1;0
782;6/1/2025 14:00;1236.6;30.8;51.0;-4.299999999999997;0;1;0;0;0;14;1;869.82;28.9;1;11;2025-06-01 14:00:00;1.06.2025;40.9;53.1;0;1;0;0;1;0.0;1;0
783;6/1/2025 15:00;928.8;30.2;49.8;-1.2000000000000028;0;2;0;0;0;15;1;940.13;29.62;1;11;2025-06-01 15:00:00;1.06.2025;48.7;46.58;0;0;1;0;1;0.0;1;0
784;6/1/2025 16:00;548.4;28.9;28.9;-20.9;0;3;1;0;0;16;1;951.55;29.48;1;11;2025-06-01 16:00:00;1.06.2025;44.2;46.44;1;1;1;0;1;0.0;1;0
785;6/1/2025 17:00;699.5;29.0;25.4;-3.5;0;4;1;0;0;17;1;969.73;29.33;1;11;2025-06-01 17:00:00;1.06.2025;44.7;46.07;1;1;1;0;1;0.0;1;0
786;6/1/2025 18:00;871.0;28.1;29.4;4.0;1;0;1;0;1;18;1;907.85;29.03;1;11;2025-06-01 18:00:00;1.06.2025;38.4;46.47;1;1;1;0;1;0.0;1;0
787;6/1/2025 19:00;102.0;23.2;35.4;6.0;1;0;0;0;1;19;0;731.05;28.37;0;11;2025-06-01 19:00:00;1.06.2025;44.5;48.84;1;1;0;0;0;0.0;0;0
788;6/1/2025 20:00;70.2;23.7;40.9;5.5;1;0;0;0;1;20;0;536.65;27.18;0;11;2025-06-01 20:00:00;1.06.2025;53.1;51.12;1;0;0;0;0;0.0;0;0
789;6/1/2025 21:00;126.1;22.4;48.7;7.800000000000004;1;0;0;0;1;21;0;402.87;25.88;0;11;2025-06-01 21:00:00;1.06.2025;46.58;45.69;0;1;1;0;0;0.0;0;0
790;6/1/2025 22:00;157.0;23.9;44.2;-4.5;0;1;0;0;0;22;0;337.63;25.05;0;11;2025-06-01 22:00:00;1.06.2025;46.44;48.02;1;1;0;0;0;0.0;0;1
791;6/1/2025 23:00;64.8;23.2;44.7;0.5;0;2;0;0;0;23;0;231.85;24.08;0;11;2025-06-01 23:00:00;1.06.2025;46.07;47.61;1;1;0;0;0;0.0;0;1
792;6/2/2025 0:00;121.2;22.8;38.4;-6.300000000000004;0;3;0;0;0;0;0;106.88;23.2;0;13;2025-06-02 00:00:00;2.06.2025;46.47;49.47;1;1;0;1;0;1.0;0;0
793;6/2/2025 1:00;1.5;22.8;44.5;6.100000000000001;1;0;0;0;1;1;0;90.13;23.13;0;13;2025-06-02 01:00:00;2.06.2025;48.84;46.43;1;0;1;1;0;1.0;0;0
794;6/2/2025 2:00;2.8;22.6;53.1;8.600000000000001;1;0;0;0;1;2;0;78.9;22.95;0;13;2025-06-02 02:00:00;2.06.2025;51.12;45.7;0;0;1;1;0;1.0;0;0
795;6/5/2025 3:00;232.99;27.93;46.58;-6.520000000000003;0;1;1;0;0;3;0;250.0;27.93;0;13;2025-06-05 03:00:00;5.06.2025;45.69;49.7;1;1;0;0;0;1.0;0;0
796;6/5/2025 4:00;206.0;28.07;46.44;-0.14000000000000057;0;2;1;0;0;4;0;250.0;28.07;0;13;2025-06-05 04:00:00;5.06.2025;48.02;49.85;1;0;0;0;0;1.0;0;0
797;6/5/2025 5:00;139.86;29.5;46.07;-0.36999999999999744;0;3;1;0;0;5;0;250.0;29.5;0;13;2025-06-05 05:00:00;5.06.2025;47.61;48.24;1;0;0;0;0;1.0;0;0
798;6/5/2025 6:00;239.46;29.03;46.47;0.3999999999999986;0;4;1;0;0;6;1;250.0;29.03;1;13;2025-06-05 06:00:00;5.06.2025;49.47;48.81;1;0;0;0;0;1.0;0;0
799;6/5/2025 7:00;254.62;27.21;48.84;2.3700000000000045;0;5;1;0;0;7;1;250.0;27.21;1;13;2025-06-05 07:00:00;5.06.2025;46.43;49.06;0;1;0;0;0;1.0;0;0
800;6/5/2025 8:00;379.23;27.43;51.12;2.279999999999994;0;6;1;0;0;8;1;250.0;27.43;1;13;2025-06-05 08:00:00;5.06.2025;45.7;48.63;0;1;0;0;0;1.0;0;0
801;6/5/2025 9:00;360.71;28.92;45.69;-5.43;0;7;1;0;0;9;1;250.0;28.92;1;13;2025-06-05 09:00:00;5.06.2025;49.7;47.43;1;0;0;0;0;1.0;0;0
802;6/5/2025 10:00;147.47;28.02;48.02;2.3300000000000054;0;8;1;0;0;10;1;250.0;28.02;1;13;2025-06-05 10:00:00;5.06.2025;49.85;46.51;0;0;1;0;0;1.0;0;0
803;6/5/2025 11:00;348.93;27.33;47.61;-0.4100000000000037;0;9;1;0;0;11;1;250.0;27.33;1;13;2025-06-05 11:00:00;5.06.2025;48.24;48.89;0;0;0;0;0;1.0;0;0
804;6/5/2025 12:00;126.15;28.26;49.47;1.8599999999999994;0;10;1;0;0;12;1;250.0;28.26;1;13;2025-06-05 12:00:00;5.06.2025;48.81;47.28;0;0;0;0;0;1.0;0;0
805;6/5/2025 13:00;141.99;28.02;46.43;-3.039999999999999;0;11;1;0;0;13;1;250.0;28.02;1;13;2025-06-05 13:00:00;5.06.2025;49.06;48.75;1;0;0;0;0;1.0;0;0
806;6/5/2025 14:00;275.54;27.67;45.7;-0.7299999999999969;0;12;1;0;0;14;1;250.0;27.67;1;13;2025-06-05 14:00:00;5.06.2025;48.63;45.96;1;0;1;0;0;1.0;0;0
